INDEX;PART_NAME;PACKAGE_NAME;PIN_INDEX;PAD_NAME;CENTER_X;CENTER_Y;LONG_SIDE_LENGTH;SHORT_SIDE_LENGTH;ANGLE_DEGREE;NET
0;BETA;µZ-SOCKET-NOHOLES-R;0;1;19.6;24.425;0.5;2.0;0;BETA_TCK
1;BETA;µZ-SOCKET-NOHOLES-R;1;2;19.6;20.027;0.5;2.0;0;BETA_TMS
2;BETA;µZ-SOCKET-NOHOLES-R;2;3;18.8;24.425;0.5;2.0;0;BETA_TDO
3;BETA;µZ-SOCKET-NOHOLES-R;3;4;18.8;20.027;0.5;2.0;0;BETA_TDI
4;BETA;µZ-SOCKET-NOHOLES-R;4;5;18.0;24.425;0.5;2.0;0;
5;BETA;µZ-SOCKET-NOHOLES-R;5;6;18.0;20.027;0.5;2.0;0;
6;BETA;µZ-SOCKET-NOHOLES-R;6;7;17.2;24.425;0.5;2.0;0;CSO_NE_V
7;BETA;µZ-SOCKET-NOHOLES-R;7;8;17.2;20.027;0.5;2.0;0;
8;BETA;µZ-SOCKET-NOHOLES-R;8;9;16.4;24.425;0.5;2.0;0;SE_0
9;BETA;µZ-SOCKET-NOHOLES-R;9;10;16.4;20.027;0.5;2.0;0;SE_1
10;BETA;µZ-SOCKET-NOHOLES-R;10;11;15.6;24.425;0.5;2.0;0;JX1_00_P
11;BETA;µZ-SOCKET-NOHOLES-R;11;12;15.6;20.027;0.5;2.0;0;JX1_01_P
12;BETA;µZ-SOCKET-NOHOLES-R;12;13;14.8;24.425;0.5;2.0;0;JX1_00_N
13;BETA;µZ-SOCKET-NOHOLES-R;13;14;14.8;20.027;0.5;2.0;0;JX1_01_N
14;BETA;µZ-SOCKET-NOHOLES-R;14;15;14.0;24.425;0.5;2.0;0;GND
15;BETA;µZ-SOCKET-NOHOLES-R;15;16;14.0;20.027;0.5;2.0;0;GND
16;BETA;µZ-SOCKET-NOHOLES-R;16;17;13.2;24.425;0.5;2.0;0;JX1_02_P
17;BETA;µZ-SOCKET-NOHOLES-R;17;18;13.2;20.027;0.5;2.0;0;JX1_03_P
18;BETA;µZ-SOCKET-NOHOLES-R;18;19;12.4;24.425;0.5;2.0;0;JX1_02_N
19;BETA;µZ-SOCKET-NOHOLES-R;19;20;12.4;20.027;0.5;2.0;0;JX1_03_N
20;BETA;µZ-SOCKET-NOHOLES-R;20;21;11.6;24.425;0.5;2.0;0;GND
21;BETA;µZ-SOCKET-NOHOLES-R;21;22;11.6;20.027;0.5;2.0;0;GND
22;BETA;µZ-SOCKET-NOHOLES-R;22;23;10.8;24.425;0.5;2.0;0;JX1_04_P
23;BETA;µZ-SOCKET-NOHOLES-R;23;24;10.8;20.027;0.5;2.0;0;JX1_05_P
24;BETA;µZ-SOCKET-NOHOLES-R;24;25;10.0;24.425;0.5;2.0;0;JX1_04_N
25;BETA;µZ-SOCKET-NOHOLES-R;25;26;10.0;20.027;0.5;2.0;0;JX1_05_N
26;BETA;µZ-SOCKET-NOHOLES-R;26;27;9.2;24.425;0.5;2.0;0;GND
27;BETA;µZ-SOCKET-NOHOLES-R;27;28;9.2;20.027;0.5;2.0;0;GND
28;BETA;µZ-SOCKET-NOHOLES-R;28;29;8.4;24.425;0.5;2.0;0;JX1_06_P
29;BETA;µZ-SOCKET-NOHOLES-R;29;30;8.4;20.027;0.5;2.0;0;JX1_07_P
30;BETA;µZ-SOCKET-NOHOLES-R;30;31;7.6;24.425;0.5;2.0;0;JX1_06_N
31;BETA;µZ-SOCKET-NOHOLES-R;31;32;7.6;20.027;0.5;2.0;0;JX1_07_N
32;BETA;µZ-SOCKET-NOHOLES-R;32;33;6.8;24.425;0.5;2.0;0;GND
33;BETA;µZ-SOCKET-NOHOLES-R;33;34;6.8;20.027;0.5;2.0;0;GND
34;BETA;µZ-SOCKET-NOHOLES-R;34;35;6.0;24.425;0.5;2.0;0;JX1_08_P
35;BETA;µZ-SOCKET-NOHOLES-R;35;36;6.0;20.027;0.5;2.0;0;JX1_09_P
36;BETA;µZ-SOCKET-NOHOLES-R;36;37;5.2;24.425;0.5;2.0;0;JX1_08_N
37;BETA;µZ-SOCKET-NOHOLES-R;37;38;5.2;20.027;0.5;2.0;0;JX1_09_N
38;BETA;µZ-SOCKET-NOHOLES-R;38;39;4.4;24.425;0.5;2.0;0;GND
39;BETA;µZ-SOCKET-NOHOLES-R;39;40;4.4;20.027;0.5;2.0;0;GND
40;BETA;µZ-SOCKET-NOHOLES-R;40;41;3.6;24.425;0.5;2.0;0;JX1_10_P
41;BETA;µZ-SOCKET-NOHOLES-R;41;42;3.6;20.027;0.5;2.0;0;JX1_11_P
42;BETA;µZ-SOCKET-NOHOLES-R;42;43;2.8;24.425;0.5;2.0;0;JX1_10_N
43;BETA;µZ-SOCKET-NOHOLES-R;43;44;2.8;20.027;0.5;2.0;0;JX1_11_N
44;BETA;µZ-SOCKET-NOHOLES-R;44;45;2.0;24.425;0.5;2.0;0;GND
45;BETA;µZ-SOCKET-NOHOLES-R;45;46;2.0;20.027;0.5;2.0;0;GND
46;BETA;µZ-SOCKET-NOHOLES-R;46;47;1.2;24.425;0.5;2.0;0;JX1_12_P
47;BETA;µZ-SOCKET-NOHOLES-R;47;48;1.2;20.027;0.5;2.0;0;JX1_13_P
48;BETA;µZ-SOCKET-NOHOLES-R;48;49;0.4;24.425;0.5;2.0;0;JX1_12_N
49;BETA;µZ-SOCKET-NOHOLES-R;49;50;0.4;20.027;0.5;2.0;0;JX1_13_N
50;BETA;µZ-SOCKET-NOHOLES-R;50;51;-0.4;24.425;0.5;2.0;0;GND
51;BETA;µZ-SOCKET-NOHOLES-R;51;52;-0.4;20.027;0.5;2.0;0;GND
52;BETA;µZ-SOCKET-NOHOLES-R;52;53;-1.2;24.425;0.5;2.0;0;JX1_14_P
53;BETA;µZ-SOCKET-NOHOLES-R;53;54;-1.2;20.027;0.5;2.0;0;JX1_15_P
54;BETA;µZ-SOCKET-NOHOLES-R;54;55;-2.0;24.425;0.5;2.0;0;JX1_14_N
55;BETA;µZ-SOCKET-NOHOLES-R;55;56;-2.0;20.027;0.5;2.0;0;JX1_15_N
56;BETA;µZ-SOCKET-NOHOLES-R;56;57;-2.8;24.425;0.5;2.0;0;PEX_N_V
57;BETA;µZ-SOCKET-NOHOLES-R;57;58;-2.8;20.027;0.5;2.0;0;PEX_N_V
58;BETA;µZ-SOCKET-NOHOLES-R;58;59;-3.6;24.425;0.5;2.0;0;PCIE_N_5V
59;BETA;µZ-SOCKET-NOHOLES-R;59;60;-3.6;20.027;0.5;2.0;0;PCIE_N_5V
60;BETA;µZ-SOCKET-NOHOLES-R;60;61;-4.4;24.425;0.5;2.0;0;JX1_16_P
61;BETA;µZ-SOCKET-NOHOLES-R;61;62;-4.4;20.027;0.5;2.0;0;JX1_17_P
62;BETA;µZ-SOCKET-NOHOLES-R;62;63;-5.2;24.425;0.5;2.0;0;JX1_16_N
63;BETA;µZ-SOCKET-NOHOLES-R;63;64;-5.2;20.027;0.5;2.0;0;JX1_17_N
64;BETA;µZ-SOCKET-NOHOLES-R;64;65;-6.0;24.425;0.5;2.0;0;GND
65;BETA;µZ-SOCKET-NOHOLES-R;65;66;-6.0;20.027;0.5;2.0;0;GND
66;BETA;µZ-SOCKET-NOHOLES-R;66;67;-6.8;24.425;0.5;2.0;0;JX1_18_P
67;BETA;µZ-SOCKET-NOHOLES-R;67;68;-6.8;20.027;0.5;2.0;0;JX1_19_P
68;BETA;µZ-SOCKET-NOHOLES-R;68;69;-7.6;24.425;0.5;2.0;0;JX1_18_N
69;BETA;µZ-SOCKET-NOHOLES-R;69;70;-7.6;20.027;0.5;2.0;0;JX1_19_N
70;BETA;µZ-SOCKET-NOHOLES-R;70;71;-8.4;24.425;0.5;2.0;0;GND
71;BETA;µZ-SOCKET-NOHOLES-R;71;72;-8.4;20.027;0.5;2.0;0;GND
72;BETA;µZ-SOCKET-NOHOLES-R;72;73;-9.2;24.425;0.5;2.0;0;JX1_20_P
73;BETA;µZ-SOCKET-NOHOLES-R;73;74;-9.2;20.027;0.5;2.0;0;JX1_21_P
74;BETA;µZ-SOCKET-NOHOLES-R;74;75;-10.0;24.425;0.5;2.0;0;JX1_20_N
75;BETA;µZ-SOCKET-NOHOLES-R;75;76;-10.0;20.027;0.5;2.0;0;JX1_21_N
76;BETA;µZ-SOCKET-NOHOLES-R;76;77;-10.8;24.425;0.5;2.0;0;GND
77;BETA;µZ-SOCKET-NOHOLES-R;77;78;-10.8;20.027;0.5;2.0;0;PCIE_N_VCCIO
78;BETA;µZ-SOCKET-NOHOLES-R;78;79;-11.6;24.425;0.5;2.0;0;PCIE_N_V
79;BETA;µZ-SOCKET-NOHOLES-R;79;80;-11.6;20.027;0.5;2.0;0;PCIE_N_V
80;BETA;µZ-SOCKET-NOHOLES-R;80;81;-12.4;24.425;0.5;2.0;0;JX1_22_P
81;BETA;µZ-SOCKET-NOHOLES-R;81;82;-12.4;20.027;0.5;2.0;0;JX1_23_P
82;BETA;µZ-SOCKET-NOHOLES-R;82;83;-13.2;24.425;0.5;2.0;0;JX1_22_N
83;BETA;µZ-SOCKET-NOHOLES-R;83;84;-13.2;20.027;0.5;2.0;0;JX1_23_N
84;BETA;µZ-SOCKET-NOHOLES-R;84;85;-14.0;24.425;0.5;2.0;0;GND
85;BETA;µZ-SOCKET-NOHOLES-R;85;86;-14.0;20.027;0.5;2.0;0;GND
86;BETA;µZ-SOCKET-NOHOLES-R;86;87;-14.8;24.425;0.5;2.0;0;BANK13_00_P
87;BETA;µZ-SOCKET-NOHOLES-R;87;88;-14.8;20.027;0.5;2.0;0;BANK13_01_P
88;BETA;µZ-SOCKET-NOHOLES-R;88;89;-15.6;24.425;0.5;2.0;0;BANK13_00_N
89;BETA;µZ-SOCKET-NOHOLES-R;89;90;-15.6;20.027;0.5;2.0;0;BANK13_01_N
90;BETA;µZ-SOCKET-NOHOLES-R;90;91;-16.4;24.425;0.5;2.0;0;BANK13_02_P
91;BETA;µZ-SOCKET-NOHOLES-R;91;92;-16.4;20.027;0.5;2.0;0;BANK13_03_P
92;BETA;µZ-SOCKET-NOHOLES-R;92;93;-17.2;24.425;0.5;2.0;0;BANK13_02_N
93;BETA;µZ-SOCKET-NOHOLES-R;93;94;-17.2;20.027;0.5;2.0;0;BANK13_03_N
94;BETA;µZ-SOCKET-NOHOLES-R;94;95;-18.0;24.425;0.5;2.0;0;GND
95;BETA;µZ-SOCKET-NOHOLES-R;95;96;-18.0;20.027;0.5;2.0;0;GND
96;BETA;µZ-SOCKET-NOHOLES-R;96;97;-18.8;24.425;0.5;2.0;0;
97;BETA;µZ-SOCKET-NOHOLES-R;97;98;-18.8;20.027;0.5;2.0;0;
98;BETA;µZ-SOCKET-NOHOLES-R;98;99;-19.6;24.425;0.5;2.0;0;
99;BETA;µZ-SOCKET-NOHOLES-R;99;100;-19.6;20.027;0.5;2.0;0;
100;BETA;µZ-SOCKET-NOHOLES-R;100;101;19.6;-20.025;0.5;2.0;0;
101;BETA;µZ-SOCKET-NOHOLES-R;101;102;19.6;-24.425;0.5;2.0;0;
102;BETA;µZ-SOCKET-NOHOLES-R;102;103;18.8;-20.027;0.5;2.0;0;
103;BETA;µZ-SOCKET-NOHOLES-R;103;104;18.8;-24.425;0.5;2.0;0;
104;BETA;µZ-SOCKET-NOHOLES-R;104;105;18.0;-20.027;0.5;2.0;0;
105;BETA;µZ-SOCKET-NOHOLES-R;105;106;18.0;-24.425;0.5;2.0;0;
106;BETA;µZ-SOCKET-NOHOLES-R;106;107;17.2;-20.027;0.5;2.0;0;
107;BETA;µZ-SOCKET-NOHOLES-R;107;108;17.2;-24.425;0.5;2.0;0;
108;BETA;µZ-SOCKET-NOHOLES-R;108;109;16.4;-20.027;0.5;2.0;0;
109;BETA;µZ-SOCKET-NOHOLES-R;109;110;16.4;-24.425;0.5;2.0;0;
110;BETA;µZ-SOCKET-NOHOLES-R;110;111;15.6;-20.027;0.5;2.0;0;
111;BETA;µZ-SOCKET-NOHOLES-R;111;112;15.6;-24.425;0.5;2.0;0;CSO_SW_V
112;BETA;µZ-SOCKET-NOHOLES-R;112;113;14.8;-20.027;0.5;2.0;0;NC$1
113;BETA;µZ-SOCKET-NOHOLES-R;113;114;14.8;-24.425;0.5;2.0;0;NC$2
114;BETA;µZ-SOCKET-NOHOLES-R;114;115;14.0;-20.027;0.5;2.0;0;GND
115;BETA;µZ-SOCKET-NOHOLES-R;115;116;14.0;-24.425;0.5;2.0;0;GND
116;BETA;µZ-SOCKET-NOHOLES-R;116;117;13.2;-20.027;0.5;2.0;0;JX2_00_P
117;BETA;µZ-SOCKET-NOHOLES-R;117;118;13.2;-24.425;0.5;2.0;0;JX2_01_P
118;BETA;µZ-SOCKET-NOHOLES-R;118;119;12.4;-20.027;0.5;2.0;0;JX2_00_N
119;BETA;µZ-SOCKET-NOHOLES-R;119;120;12.4;-24.425;0.5;2.0;0;JX2_01_N
120;BETA;µZ-SOCKET-NOHOLES-R;120;121;11.6;-20.027;0.5;2.0;0;GND
121;BETA;µZ-SOCKET-NOHOLES-R;121;122;11.6;-24.425;0.5;2.0;0;GND
122;BETA;µZ-SOCKET-NOHOLES-R;122;123;10.8;-20.027;0.5;2.0;0;JX2_02_P
123;BETA;µZ-SOCKET-NOHOLES-R;123;124;10.8;-24.425;0.5;2.0;0;JX2_03_P
124;BETA;µZ-SOCKET-NOHOLES-R;124;125;10.0;-20.027;0.5;2.0;0;JX2_02_N
125;BETA;µZ-SOCKET-NOHOLES-R;125;126;10.0;-24.425;0.5;2.0;0;JX2_03_N
126;BETA;µZ-SOCKET-NOHOLES-R;126;127;9.2;-20.027;0.5;2.0;0;GND
127;BETA;µZ-SOCKET-NOHOLES-R;127;128;9.2;-24.425;0.5;2.0;0;GND
128;BETA;µZ-SOCKET-NOHOLES-R;128;129;8.4;-20.027;0.5;2.0;0;JX2_04_P
129;BETA;µZ-SOCKET-NOHOLES-R;129;130;8.4;-24.425;0.5;2.0;0;JX2_05_P
130;BETA;µZ-SOCKET-NOHOLES-R;130;131;7.6;-20.027;0.5;2.0;0;JX2_04_N
131;BETA;µZ-SOCKET-NOHOLES-R;131;132;7.6;-24.425;0.5;2.0;0;JX2_05_N
132;BETA;µZ-SOCKET-NOHOLES-R;132;133;6.8;-20.027;0.5;2.0;0;GND
133;BETA;µZ-SOCKET-NOHOLES-R;133;134;6.8;-24.425;0.5;2.0;0;GND
134;BETA;µZ-SOCKET-NOHOLES-R;134;135;6.0;-20.027;0.5;2.0;0;JX2_06_P
135;BETA;µZ-SOCKET-NOHOLES-R;135;136;6.0;-24.425;0.5;2.0;0;JX2_07_P
136;BETA;µZ-SOCKET-NOHOLES-R;136;137;5.2;-20.027;0.5;2.0;0;JX2_06_N
137;BETA;µZ-SOCKET-NOHOLES-R;137;138;5.2;-24.425;0.5;2.0;0;JX2_07_N
138;BETA;µZ-SOCKET-NOHOLES-R;138;139;4.4;-20.027;0.5;2.0;0;GND
139;BETA;µZ-SOCKET-NOHOLES-R;139;140;4.4;-24.425;0.5;2.0;0;GND
140;BETA;µZ-SOCKET-NOHOLES-R;140;141;3.6;-20.027;0.5;2.0;0;JX2_08_P
141;BETA;µZ-SOCKET-NOHOLES-R;141;142;3.6;-24.425;0.5;2.0;0;JX2_09_P
142;BETA;µZ-SOCKET-NOHOLES-R;142;143;2.8;-20.027;0.5;2.0;0;JX2_08_N
143;BETA;µZ-SOCKET-NOHOLES-R;143;144;2.8;-24.425;0.5;2.0;0;JX2_09_N
144;BETA;µZ-SOCKET-NOHOLES-R;144;145;2.0;-20.027;0.5;2.0;0;GND
145;BETA;µZ-SOCKET-NOHOLES-R;145;146;2.0;-24.425;0.5;2.0;0;GND
146;BETA;µZ-SOCKET-NOHOLES-R;146;147;1.2;-20.027;0.5;2.0;0;JX2_10_P
147;BETA;µZ-SOCKET-NOHOLES-R;147;148;1.2;-24.425;0.5;2.0;0;JX2_11_P
148;BETA;µZ-SOCKET-NOHOLES-R;148;149;0.4;-20.027;0.5;2.0;0;JX2_10_N
149;BETA;µZ-SOCKET-NOHOLES-R;149;150;0.4;-24.425;0.5;2.0;0;JX2_11_N
150;BETA;µZ-SOCKET-NOHOLES-R;150;151;-0.4;-20.027;0.5;2.0;0;GND
151;BETA;µZ-SOCKET-NOHOLES-R;151;152;-0.4;-24.425;0.5;2.0;0;GND
152;BETA;µZ-SOCKET-NOHOLES-R;152;153;-1.2;-20.027;0.5;2.0;0;JX2_12_P
153;BETA;µZ-SOCKET-NOHOLES-R;153;154;-1.2;-24.425;0.5;2.0;0;JX2_13_P
154;BETA;µZ-SOCKET-NOHOLES-R;154;155;-2.0;-20.027;0.5;2.0;0;JX2_12_N
155;BETA;µZ-SOCKET-NOHOLES-R;155;156;-2.0;-24.425;0.5;2.0;0;JX2_13_N
156;BETA;µZ-SOCKET-NOHOLES-R;156;157;-2.8;-20.027;0.5;2.0;0;PEX_S_V
157;BETA;µZ-SOCKET-NOHOLES-R;157;158;-2.8;-24.425;0.5;2.0;0;PEX_S_V
158;BETA;µZ-SOCKET-NOHOLES-R;158;159;-3.6;-20.027;0.5;2.0;0;PCIE_S_5V
159;BETA;µZ-SOCKET-NOHOLES-R;159;160;-3.6;-24.425;0.5;2.0;0;PCIE_S_5V
160;BETA;µZ-SOCKET-NOHOLES-R;160;161;-4.4;-20.027;0.5;2.0;0;JX2_14_P
161;BETA;µZ-SOCKET-NOHOLES-R;161;162;-4.4;-24.425;0.5;2.0;0;JX2_15_P
162;BETA;µZ-SOCKET-NOHOLES-R;162;163;-5.2;-20.027;0.5;2.0;0;JX2_14_N
163;BETA;µZ-SOCKET-NOHOLES-R;163;164;-5.2;-24.425;0.5;2.0;0;JX2_15_N
164;BETA;µZ-SOCKET-NOHOLES-R;164;165;-6.0;-20.027;0.5;2.0;0;GND
165;BETA;µZ-SOCKET-NOHOLES-R;165;166;-6.0;-24.425;0.5;2.0;0;GND
166;BETA;µZ-SOCKET-NOHOLES-R;166;167;-6.8;-20.027;0.5;2.0;0;JX2_16_P
167;BETA;µZ-SOCKET-NOHOLES-R;167;168;-6.8;-24.425;0.5;2.0;0;JX2_17_P
168;BETA;µZ-SOCKET-NOHOLES-R;168;169;-7.6;-20.027;0.5;2.0;0;JX2_16_N
169;BETA;µZ-SOCKET-NOHOLES-R;169;170;-7.6;-24.425;0.5;2.0;0;JX2_17_N
170;BETA;µZ-SOCKET-NOHOLES-R;170;171;-8.4;-20.027;0.5;2.0;0;GND
171;BETA;µZ-SOCKET-NOHOLES-R;171;172;-8.4;-24.425;0.5;2.0;0;GND
172;BETA;µZ-SOCKET-NOHOLES-R;172;173;-9.2;-20.027;0.5;2.0;0;JX2_18_P
173;BETA;µZ-SOCKET-NOHOLES-R;173;174;-9.2;-24.425;0.5;2.0;0;JX2_19_P
174;BETA;µZ-SOCKET-NOHOLES-R;174;175;-10.0;-20.027;0.5;2.0;0;JX2_18_N
175;BETA;µZ-SOCKET-NOHOLES-R;175;176;-10.0;-24.425;0.5;2.0;0;JX2_19_N
176;BETA;µZ-SOCKET-NOHOLES-R;176;177;-10.8;-20.027;0.5;2.0;0;GND
177;BETA;µZ-SOCKET-NOHOLES-R;177;178;-10.8;-24.425;0.5;2.0;0;PCIE_S_VCCIO
178;BETA;µZ-SOCKET-NOHOLES-R;178;179;-11.6;-20.027;0.5;2.0;0;PCIE_S_V
179;BETA;µZ-SOCKET-NOHOLES-R;179;180;11.6;24.425;0.5;2.0;180;PCIE_S_V
180;BETA;µZ-SOCKET-NOHOLES-R;180;181;-12.4;-20.027;0.5;2.0;0;JX2_20_P
181;BETA;µZ-SOCKET-NOHOLES-R;181;182;-12.4;-24.425;0.5;2.0;0;JX2_21_P
182;BETA;µZ-SOCKET-NOHOLES-R;182;183;-13.2;-20.027;0.5;2.0;0;JX2_20_N
183;BETA;µZ-SOCKET-NOHOLES-R;183;184;-13.2;-24.425;0.5;2.0;0;JX2_21_N
184;BETA;µZ-SOCKET-NOHOLES-R;184;185;-14.0;-20.027;0.5;2.0;0;GND
185;BETA;µZ-SOCKET-NOHOLES-R;185;186;-14.0;-24.425;0.5;2.0;0;GND
186;BETA;µZ-SOCKET-NOHOLES-R;186;187;-14.8;-20.027;0.5;2.0;0;JX2_22_P
187;BETA;µZ-SOCKET-NOHOLES-R;187;188;-14.8;-24.425;0.5;2.0;0;JX2_23_P
188;BETA;µZ-SOCKET-NOHOLES-R;188;189;-15.6;-20.027;0.5;2.0;0;JX2_22_N
189;BETA;µZ-SOCKET-NOHOLES-R;189;190;-15.6;-24.425;0.5;2.0;0;JX2_23_N
190;BETA;µZ-SOCKET-NOHOLES-R;190;191;-16.4;-20.027;0.5;2.0;0;GND
191;BETA;µZ-SOCKET-NOHOLES-R;191;192;-16.4;-24.425;0.5;2.0;0;GND
192;BETA;µZ-SOCKET-NOHOLES-R;192;193;-17.2;-20.027;0.5;2.0;0;BANK13_04_P
193;BETA;µZ-SOCKET-NOHOLES-R;193;194;-17.2;-24.425;0.5;2.0;0;BANK13_05_P
194;BETA;µZ-SOCKET-NOHOLES-R;194;195;-18.0;-20.027;0.5;2.0;0;BANK13_04_N
195;BETA;µZ-SOCKET-NOHOLES-R;195;196;-18.0;-24.425;0.5;2.0;0;BANK13_05_N
196;BETA;µZ-SOCKET-NOHOLES-R;196;197;-18.8;-20.027;0.5;2.0;0;BANK13_06_P
197;BETA;µZ-SOCKET-NOHOLES-R;197;198;-18.8;-24.425;0.5;2.0;0;PCIE_I2C_V
198;BETA;µZ-SOCKET-NOHOLES-R;198;199;-19.6;-20.027;0.5;2.0;0;BANK13_06_N
199;BETA;µZ-SOCKET-NOHOLES-R;199;200;-19.6;-24.425;0.5;2.0;0;BANK13_SE_0
200;PB-NW;DF12(XX)-20DP-0.5V;0;1;-29.555;12.22;0.35;1.8;90;A_!RST
201;PB-NW;DF12(XX)-20DP-0.5V;1;3;-29.055;12.22;0.35;1.8;90;N_VW_OV
202;PB-NW;DF12(XX)-20DP-0.5V;2;5;-28.555;12.22;0.35;1.8;90;N_VN_OV
203;PB-NW;DF12(XX)-20DP-0.5V;3;7;-28.055;12.22;0.35;1.8;90;N_VE_OV
204;PB-NW;DF12(XX)-20DP-0.5V;4;9;-27.555;12.22;0.35;1.8;90;W_VW_OV
205;PB-NW;DF12(XX)-20DP-0.5V;5;11;-27.055;12.22;0.35;1.8;90;W_VW_UV
206;PB-NW;DF12(XX)-20DP-0.5V;6;13;-26.555;12.22;0.35;1.8;90;N_CHK_V
207;PB-NW;DF12(XX)-20DP-0.5V;7;15;-26.055;12.22;0.35;1.8;90;N_VW_UV
208;PB-NW;DF12(XX)-20DP-0.5V;8;17;-25.555;12.22;0.35;1.8;90;N_VN_UV
209;PB-NW;DF12(XX)-20DP-0.5V;9;19;-25.055;12.22;0.35;1.8;90;N_VE_UV
210;PB-NW;DF12(XX)-20DP-0.5V;10;2;-29.555;15.72;0.35;1.8;90;A_SCL
211;PB-NW;DF12(XX)-20DP-0.5V;11;4;-29.055;15.72;0.35;1.8;90;A_SDA
212;PB-NW;DF12(XX)-20DP-0.5V;12;6;-28.555;15.72;0.35;1.8;90;GND
213;PB-NW;DF12(XX)-20DP-0.5V;13;8;-28.055;15.72;0.35;1.8;90;N_VE_RS
214;PB-NW;DF12(XX)-20DP-0.5V;14;10;-27.555;15.72;0.35;1.8;90;N_VW_RS
215;PB-NW;DF12(XX)-20DP-0.5V;15;12;-27.055;15.72;0.35;1.8;90;N_VN_RS
216;PB-NW;DF12(XX)-20DP-0.5V;16;14;-26.555;15.72;0.35;1.8;90;N_VW_CV
217;PB-NW;DF12(XX)-20DP-0.5V;17;16;-26.055;15.72;0.35;1.8;90;N_VN_CV
218;PB-NW;DF12(XX)-20DP-0.5V;18;18;-25.555;15.72;0.35;1.8;90;N_VE_CV
219;PB-NW;DF12(XX)-20DP-0.5V;19;20;-25.055;15.72;0.35;1.8;90;W_VW_CV
220;PB-NW;DF12(XX)-20DP-0.5V;20;M1;-27.305;17.92;0.8;1.8;0;
221;PB-NW;DF12(XX)-20DP-0.5V;21;M2;-27.305;10.02;0.8;1.8;0;
222;PB-SE;DF12(XX)-20DP-0.5V;0;1;25.055;-15.72;0.35;1.8;90;B_!RST
223;PB-SE;DF12(XX)-20DP-0.5V;1;3;25.555;-15.72;0.35;1.8;90;S_VE_OV
224;PB-SE;DF12(XX)-20DP-0.5V;2;5;26.055;-15.72;0.35;1.8;90;S_VS_OV
225;PB-SE;DF12(XX)-20DP-0.5V;3;7;26.555;-15.72;0.35;1.8;90;S_VW_OV
226;PB-SE;DF12(XX)-20DP-0.5V;4;9;27.055;-15.72;0.35;1.8;90;E_VE_OV
227;PB-SE;DF12(XX)-20DP-0.5V;5;11;27.555;-15.72;0.35;1.8;90;E_VE_UV
228;PB-SE;DF12(XX)-20DP-0.5V;6;13;28.055;-15.72;0.35;1.8;90;S_CHK_V
229;PB-SE;DF12(XX)-20DP-0.5V;7;15;28.555;-15.72;0.35;1.8;90;S_VE_UV
230;PB-SE;DF12(XX)-20DP-0.5V;8;17;29.055;-15.72;0.35;1.8;90;S_VS_UV
231;PB-SE;DF12(XX)-20DP-0.5V;9;19;29.555;-15.72;0.35;1.8;90;S_VW_UV
232;PB-SE;DF12(XX)-20DP-0.5V;10;2;25.055;-12.22;0.35;1.8;90;B_SCL
233;PB-SE;DF12(XX)-20DP-0.5V;11;4;25.555;-12.22;0.35;1.8;90;B_SDA
234;PB-SE;DF12(XX)-20DP-0.5V;12;6;26.055;-12.22;0.35;1.8;90;GND
235;PB-SE;DF12(XX)-20DP-0.5V;13;8;26.555;-12.22;0.35;1.8;90;S_VW_RS
236;PB-SE;DF12(XX)-20DP-0.5V;14;10;27.055;-12.22;0.35;1.8;90;S_VE_RS
237;PB-SE;DF12(XX)-20DP-0.5V;15;12;27.555;-12.22;0.35;1.8;90;S_VS_RS
238;PB-SE;DF12(XX)-20DP-0.5V;16;14;28.055;-12.22;0.35;1.8;90;S_VE_CV
239;PB-SE;DF12(XX)-20DP-0.5V;17;16;28.555;-12.22;0.35;1.8;90;S_VS_CV
240;PB-SE;DF12(XX)-20DP-0.5V;18;18;29.055;-12.22;0.35;1.8;90;S_VW_CV
241;PB-SE;DF12(XX)-20DP-0.5V;19;20;29.555;-12.22;0.35;1.8;90;E_VE_CV
242;PB-SE;DF12(XX)-20DP-0.5V;20;M1;27.305;-10.02;0.8;1.8;0;
243;PB-SE;DF12(XX)-20DP-0.5V;21;M2;27.305;-17.92;0.8;1.8;0;
244;SD1;TF-MICRO-SD_PP2;0;MT1;35.325;-34.495;1.4;1.9;0;GND
245;SD1;TF-MICRO-SD_PP2;1;MT2;48.525;-35.395;1.4;1.9;0;GND
246;SD1;TF-MICRO-SD_PP2;2;CD1;35.365;-18.955;1.4;1.8;90;CD
247;SD1;TF-MICRO-SD_PP2;3;CD2;35.365;-12.955;1.4;1.8;90;CD
248;SD1;TF-MICRO-SD_PP2;4;8;36.225;-31.595;0.7;1.5;0;DAT1
249;SD1;TF-MICRO-SD_PP2;5;7;37.325;-31.595;0.7;1.5;0;DAT0
250;SD1;TF-MICRO-SD_PP2;6;6;38.425;-31.995;0.7;1.5;0;GND
251;SD1;TF-MICRO-SD_PP2;7;5;39.525;-31.595;0.7;1.5;0;CLK
252;SD1;TF-MICRO-SD_PP2;8;4;40.625;-31.995;0.7;1.5;0;N$3
253;SD1;TF-MICRO-SD_PP2;9;3;41.725;-31.595;0.7;1.5;0;CMD
254;SD1;TF-MICRO-SD_PP2;10;2;42.825;-31.195;0.7;1.5;0;DAT3
255;SD1;TF-MICRO-SD_PP2;11;1;43.925;-31.595;0.7;1.5;0;DAT2
256;U10;SOT23-6;0;1;-32.065;-12.095;0.55;1.2;0;W_I2C_V
257;U10;SOT23-6;1;2;-31.115;-12.095;0.55;1.2;0;GND
258;U10;SOT23-6;2;3;-30.165;-12.095;0.55;1.2;0;W_I2C_EN
259;U10;SOT23-6;3;4;-30.165;-9.495;0.55;1.2;0;JTAG_EN
260;U10;SOT23-6;4;5;-31.115;-9.495;0.55;1.2;0;BETA_5V'
261;U10;SOT23-6;5;6;-32.065;-9.495;0.55;1.2;0;JTAG_V
262;U11;SOT23-6;0;1;-32.065;-16.54;0.55;1.2;0;S_SPI_V
263;U11;SOT23-6;1;2;-31.115;-16.54;0.55;1.2;0;GND
264;U11;SOT23-6;2;3;-30.165;-16.54;0.55;1.2;0;S_SPI_EN
265;U11;SOT23-6;3;4;-30.165;-13.94;0.55;1.2;0;S_I2C_EN
266;U11;SOT23-6;4;5;-31.115;-13.94;0.55;1.2;0;BETA_5V'
267;U11;SOT23-6;5;6;-32.065;-13.94;0.55;1.2;0;S_I2C_V
268;X1;PICO-SPOX-5;0;1;47.8;-6.5;0.85;2.55;0;GND
269;X1;PICO-SPOX-5;1;1A;47.8;-2.5;0.85;3.55;0;GND
270;X1;PICO-SPOX-5;2;2;49.3;-6.5;0.85;2.55;0;ZED_5V
271;X1;PICO-SPOX-5;3;2A;49.3;-2.5;0.85;3.55;0;ZED_5V
272;X1;PICO-SPOX-5;4;3;50.8;-6.5;0.85;2.55;0;CTRL
273;X1;PICO-SPOX-5;5;3A;50.8;-2.5;0.85;3.55;0;CTRL
274;X1;PICO-SPOX-5;6;4;52.3;-6.5;0.85;2.55;0;BETA_5V
275;X1;PICO-SPOX-5;7;4A;52.3;-2.5;0.85;3.55;0;BETA_5V
276;X1;PICO-SPOX-5;8;5;53.8;-6.5;0.85;2.55;0;GND
277;X1;PICO-SPOX-5;9;5A;53.8;-2.5;0.85;3.55;0;GND
278;C27;0603-B;0;1;-35.09;-10.795;0.95;1.0;0;BETA_5V'
279;C27;0603-B;1;2;-33.49;-10.795;0.95;1.0;0;GND
280;C30;0603-B;0;1;-35.09;-15.24;0.95;1.0;0;BETA_5V'
281;C30;0603-B;1;2;-33.49;-15.24;0.95;1.0;0;GND
282;U12;SOT23-6;0;1;30.165;9.495;0.55;1.2;0;E_I2C_V
283;U12;SOT23-6;1;2;31.115;9.495;0.55;1.2;0;GND
284;U12;SOT23-6;2;3;32.065;9.495;0.55;1.2;0;E_I2C_EN
285;U12;SOT23-6;3;4;32.065;12.095;0.55;1.2;0;E_SPI_EN
286;U12;SOT23-6;4;5;31.115;12.095;0.55;1.2;0;BETA_5V'
287;U12;SOT23-6;5;6;30.165;12.095;0.55;1.2;0;E_SPI_V
288;U13;SOT23-6;0;1;30.165;13.94;0.55;1.2;0;N_SPI_V
289;U13;SOT23-6;1;2;31.115;13.94;0.55;1.2;0;GND
290;U13;SOT23-6;2;3;32.065;13.94;0.55;1.2;0;N_SPI_EN
291;U13;SOT23-6;3;4;32.065;16.54;0.55;1.2;0;N_I2C_EN
292;U13;SOT23-6;4;5;31.115;16.54;0.55;1.2;0;BETA_5V'
293;U13;SOT23-6;5;6;30.165;16.54;0.55;1.2;0;N_I2C_V
294;C33;0603-B;0;1;33.49;10.795;0.95;1.0;0;BETA_5V'
295;C33;0603-B;1;2;35.09;10.795;0.95;1.0;0;GND
296;C36;0603-B;0;1;33.49;15.24;0.95;1.0;0;BETA_5V'
297;C36;0603-B;1;2;35.09;15.24;0.95;1.0;0;GND
298;U4;PCA9570GMH;0;1;-27.905;6.532;0.25;0.45;0;GND
299;U4;PCA9570GMH;1;2;-27.905;6.032;0.25;0.45;0;VCC
300;U4;PCA9570GMH;2;3;-27.905;5.532;0.25;0.45;0;A_SDA'
301;U4;PCA9570GMH;3;4;-26.705;6.032;0.25;0.45;90;A_SCL'
302;U4;PCA9570GMH;4;5;-26.705;5.532;0.25;0.45;0;A_SCL
303;U4;PCA9570GMH;5;6;-26.705;6.032;0.25;0.45;0;A_SDA
304;U4;PCA9570GMH;6;7;-26.705;6.532;0.25;0.45;0;N$32
305;U4;PCA9570GMH;7;8;-27.905;6.032;0.25;0.45;90;N$32
306;U5;PCA9570GMH;0;1;26.705;-5.532;0.25;0.45;0;GND
307;U5;PCA9570GMH;1;2;26.705;-6.032;0.25;0.45;0;VCC
308;U5;PCA9570GMH;2;3;26.705;-6.532;0.25;0.45;0;B_SDA'
309;U5;PCA9570GMH;3;4;27.905;-6.032;0.25;0.45;90;B_SCL'
310;U5;PCA9570GMH;4;5;27.905;-6.532;0.25;0.45;0;B_SCL
311;U5;PCA9570GMH;5;6;27.905;-6.032;0.25;0.45;0;B_SDA
312;U5;PCA9570GMH;6;7;27.905;-5.532;0.25;0.45;0;N$33
313;U5;PCA9570GMH;7;8;26.705;-6.032;0.25;0.45;90;N$33
314;WW;DFN65P300X300X100-9N;0;1;-9.042;10.49;0.3556;0.762;0;BETA_5V'
315;WW;DFN65P300X300X100-9N;1;2;-9.042;9.855;0.3556;0.762;0;BETA_5V'
316;WW;DFN65P300X300X100-9N;2;3;-9.042;9.195;0.3556;0.762;0;WW_EN
317;WW;DFN65P300X300X100-9N;3;4;-9.042;8.56;0.3556;0.762;0;GND
318;WW;DFN65P300X300X100-9N;4;5;-6.198;8.56;0.3556;0.762;0;WW_PG
319;WW;DFN65P300X300X100-9N;5;6;-6.198;9.195;0.3556;0.762;0;N$88
320;WW;DFN65P300X300X100-9N;6;7;-6.198;9.855;0.3556;0.762;0;N$39
321;WW;DFN65P300X300X100-9N;7;8;-6.198;10.49;0.3556;0.762;0;N$34
322;WW;DFN65P300X300X100-9N;8;9;-7.62;9.525;1.5494;2.413;0;GND
323;R2;0402-B;0;1;-3.943;12.7;0.62;0.62;0;N$34
324;R2;0402-B;1;2;-3.042;12.7;0.62;0.62;0;N$39
325;R4;0402-B;0;1;-2.99;6.985;0.62;0.62;0;N$39
326;R4;0402-B;1;2;-2.09;6.985;0.62;0.62;0;GND
327;TR1;TRIM-PVZ2A;0;2;-3.493;11.042;0.9;0.9;0;N$39
328;TR1;TRIM-PVZ2A;1;3;-4.143;11.042;0.6;0.7;180;N$253
329;TR1;TRIM-PVZ2A;2;1;-2.843;11.042;0.6;0.7;180;N$41
330;R3;0402-B;0;1;-2.99;12.7;0.62;0.62;0;N$41
331;R3;0402-B;1;2;-2.09;12.7;0.62;0.62;0;GND
332;C13;0603-B;0;1;-7.468;14.287;0.95;1.0;0;N$34
333;C13;0603-B;1;2;-5.868;14.287;0.95;1.0;0;GND
334;C14;0402-B;0;1;-4.895;6.985;0.62;0.62;0;N$88
335;C14;0402-B;1;2;-3.995;6.985;0.62;0.62;0;GND
336;C15;0603-B;0;1;-8.42;6.985;0.95;1.0;0;BETA_5V'
337;C15;0603-B;1;2;-6.82;6.985;0.95;1.0;0;GND
338;L1;0805-B;0;1;-7.568;12.7;1.15;1.45;0;N$34
339;L1;0805-B;1;2;-5.768;12.7;1.15;1.45;0;W_VW'
340;NW;DFN65P300X300X100-9N;0;1;0.483;10.49;0.3556;0.762;0;BETA_5V'
341;NW;DFN65P300X300X100-9N;1;2;0.483;9.855;0.3556;0.762;0;BETA_5V'
342;NW;DFN65P300X300X100-9N;2;3;0.483;9.195;0.3556;0.762;0;NW_EN
343;NW;DFN65P300X300X100-9N;3;4;0.483;8.56;0.3556;0.762;0;GND
344;NW;DFN65P300X300X100-9N;4;5;3.327;8.56;0.3556;0.762;0;NW_PG
345;NW;DFN65P300X300X100-9N;5;6;3.327;9.195;0.3556;0.762;0;N$419
346;NW;DFN65P300X300X100-9N;6;7;3.327;9.855;0.3556;0.762;0;N$417
347;NW;DFN65P300X300X100-9N;7;8;3.327;10.49;0.3556;0.762;0;N$416
348;NW;DFN65P300X300X100-9N;8;9;1.905;9.525;1.5494;2.413;0;GND
349;R6;0402-B;0;1;5.582;12.7;0.62;0.62;0;N$416
350;R6;0402-B;1;2;6.482;12.7;0.62;0.62;0;N$417
351;R8;0402-B;0;1;6.535;6.985;0.62;0.62;0;N$417
352;R8;0402-B;1;2;7.435;6.985;0.62;0.62;0;GND
353;TR2;TRIM-PVZ2A;0;2;6.032;11.042;0.9;0.9;0;N$417
354;TR2;TRIM-PVZ2A;1;3;5.383;11.042;0.6;0.7;180;N$610
355;TR2;TRIM-PVZ2A;2;1;6.683;11.042;0.6;0.7;180;N$418
356;R7;0402-B;0;1;6.535;12.7;0.62;0.62;0;N$418
357;R7;0402-B;1;2;7.435;12.7;0.62;0.62;0;GND
358;C16;0603-B;0;1;2.058;14.287;0.95;1.0;0;N$416
359;C16;0603-B;1;2;3.657;14.287;0.95;1.0;0;GND
360;C17;0402-B;0;1;4.63;6.985;0.62;0.62;0;N$419
361;C17;0402-B;1;2;5.53;6.985;0.62;0.62;0;GND
362;C18;0603-B;0;1;1.105;6.985;0.95;1.0;0;BETA_5V'
363;C18;0603-B;1;2;2.705;6.985;0.95;1.0;0;GND
364;L2;0805-B;0;1;1.958;12.7;1.15;1.45;0;N$416
365;L2;0805-B;1;2;3.757;12.7;1.15;1.45;0;N_VW'
366;NN;DFN65P300X300X100-9N;0;1;10.008;10.49;0.3556;0.762;0;BETA_5V'
367;NN;DFN65P300X300X100-9N;1;2;10.008;9.855;0.3556;0.762;0;BETA_5V'
368;NN;DFN65P300X300X100-9N;2;3;10.008;9.195;0.3556;0.762;0;NN_EN
369;NN;DFN65P300X300X100-9N;3;4;10.008;8.56;0.3556;0.762;0;GND
370;NN;DFN65P300X300X100-9N;4;5;12.852;8.56;0.3556;0.762;0;NN_PG
371;NN;DFN65P300X300X100-9N;5;6;12.852;9.195;0.3556;0.762;0;N$611
372;NN;DFN65P300X300X100-9N;6;7;12.852;9.855;0.3556;0.762;0;N$609
373;NN;DFN65P300X300X100-9N;7;8;12.852;10.49;0.3556;0.762;0;N$608
374;NN;DFN65P300X300X100-9N;8;9;11.43;9.525;1.5494;2.413;0;GND
375;R10;0402-B;0;1;15.107;12.7;0.62;0.62;0;N$608
376;R10;0402-B;1;2;16.008;12.7;0.62;0.62;0;N$609
377;R12;0402-B;0;1;16.06;6.985;0.62;0.62;0;N$609
378;R12;0402-B;1;2;16.96;6.985;0.62;0.62;0;GND
379;TR3;TRIM-PVZ2A;0;2;15.557;11.042;0.9;0.9;0;N$609
380;TR3;TRIM-PVZ2A;1;3;14.907;11.042;0.6;0.7;180;N$994
381;TR3;TRIM-PVZ2A;2;1;16.207;11.042;0.6;0.7;180;N$802
382;R11;0402-B;0;1;16.06;12.7;0.62;0.62;0;N$802
383;R11;0402-B;1;2;16.96;12.7;0.62;0.62;0;GND
384;C19;0603-B;0;1;11.582;14.287;0.95;1.0;0;N$608
385;C19;0603-B;1;2;13.183;14.287;0.95;1.0;0;GND
386;C20;0402-B;0;1;14.155;6.985;0.62;0.62;0;N$611
387;C20;0402-B;1;2;15.055;6.985;0.62;0.62;0;GND
388;C21;0603-B;0;1;10.63;6.985;0.95;1.0;0;BETA_5V'
389;C21;0603-B;1;2;12.23;6.985;0.95;1.0;0;GND
390;L3;0805-B;0;1;11.482;12.7;1.15;1.45;0;N$608
391;L3;0805-B;1;2;13.283;12.7;1.15;1.45;0;N_VN'
392;NE;DFN65P300X300X100-9N;0;1;19.533;10.49;0.3556;0.762;0;BETA_5V'
393;NE;DFN65P300X300X100-9N;1;2;19.533;9.855;0.3556;0.762;0;BETA_5V'
394;NE;DFN65P300X300X100-9N;2;3;19.533;9.195;0.3556;0.762;0;NE_EN
395;NE;DFN65P300X300X100-9N;3;4;19.533;8.56;0.3556;0.762;0;GND
396;NE;DFN65P300X300X100-9N;4;5;22.377;8.56;0.3556;0.762;0;NE_PG
397;NE;DFN65P300X300X100-9N;5;6;22.377;9.195;0.3556;0.762;0;N$803
398;NE;DFN65P300X300X100-9N;6;7;22.377;9.855;0.3556;0.762;0;N$801
399;NE;DFN65P300X300X100-9N;7;8;22.377;10.49;0.3556;0.762;0;N$800
400;NE;DFN65P300X300X100-9N;8;9;20.955;9.525;1.5494;2.413;0;GND
401;R14;0402-B;0;1;24.633;12.7;0.62;0.62;0;N$800
402;R14;0402-B;1;2;25.532;12.7;0.62;0.62;0;N$801
403;R16;0402-B;0;1;25.585;6.985;0.62;0.62;0;N$801
404;R16;0402-B;1;2;26.485;6.985;0.62;0.62;0;GND
405;TR4;TRIM-PVZ2A;0;2;25.082;11.042;0.9;0.9;0;N$801
406;TR4;TRIM-PVZ2A;1;3;24.433;11.042;0.6;0.7;180;N$1002
407;TR4;TRIM-PVZ2A;2;1;25.732;11.042;0.6;0.7;180;N$998
408;R15;0402-B;0;1;25.585;12.7;0.62;0.62;0;N$998
409;R15;0402-B;1;2;26.485;12.7;0.62;0.62;0;GND
410;C22;0603-B;0;1;21.107;14.287;0.95;1.0;0;N$800
411;C22;0603-B;1;2;22.707;14.287;0.95;1.0;0;GND
412;C23;0402-B;0;1;23.68;6.985;0.62;0.62;0;N$803
413;C23;0402-B;1;2;24.58;6.985;0.62;0.62;0;GND
414;C24;0603-B;0;1;20.155;6.985;0.95;1.0;0;BETA_5V'
415;C24;0603-B;1;2;21.755;6.985;0.95;1.0;0;GND
416;L4;0805-B;0;1;21.008;12.7;1.15;1.45;0;N$800
417;L4;0805-B;1;2;22.807;12.7;1.15;1.45;0;N_VE'
418;EE;DFN65P300X300X100-9N;0;1;6.198;-8.56;0.3556;0.762;0;BETA_5V'
419;EE;DFN65P300X300X100-9N;1;2;6.198;-9.195;0.3556;0.762;0;BETA_5V'
420;EE;DFN65P300X300X100-9N;2;3;6.198;-9.855;0.3556;0.762;0;EE_EN
421;EE;DFN65P300X300X100-9N;3;4;6.198;-10.49;0.3556;0.762;0;GND
422;EE;DFN65P300X300X100-9N;4;5;9.042;-10.49;0.3556;0.762;0;EE_PG
423;EE;DFN65P300X300X100-9N;5;6;9.042;-9.855;0.3556;0.762;0;N$995
424;EE;DFN65P300X300X100-9N;6;7;9.042;-9.195;0.3556;0.762;0;N$993
425;EE;DFN65P300X300X100-9N;7;8;9.042;-8.56;0.3556;0.762;0;N$992
426;EE;DFN65P300X300X100-9N;8;9;7.62;-9.525;1.5494;2.413;0;GND
427;R18;0402-B;0;1;3.042;-12.7;0.62;0.62;0;N$992
428;R18;0402-B;1;2;3.943;-12.7;0.62;0.62;0;N$993
429;R20;0402-B;0;1;2.09;-6.985;0.62;0.62;0;N$993
430;R20;0402-B;1;2;2.99;-6.985;0.62;0.62;0;GND
431;TR5;TRIM-PVZ2A;0;2;3.493;-8.643;0.9;0.9;0;N$993
432;TR5;TRIM-PVZ2A;1;3;2.843;-8.643;0.6;0.7;180;N$1010
433;TR5;TRIM-PVZ2A;2;1;4.143;-8.643;0.6;0.7;180;N$1007
434;R19;0402-B;0;1;2.09;-12.7;0.62;0.62;0;N$1007
435;R19;0402-B;1;2;2.99;-12.7;0.62;0.62;0;GND
436;C37;0603-B;0;1;5.868;-14.287;0.95;1.0;0;N$992
437;C37;0603-B;1;2;7.468;-14.287;0.95;1.0;0;GND
438;C38;0402-B;0;1;3.995;-6.985;0.62;0.62;0;N$995
439;C38;0402-B;1;2;4.895;-6.985;0.62;0.62;0;GND
440;C39;0603-B;0;1;6.82;-6.985;0.95;1.0;0;BETA_5V'
441;C39;0603-B;1;2;8.42;-6.985;0.95;1.0;0;GND
442;L5;0805-B;0;1;5.768;-12.7;1.15;1.45;0;N$992
443;L5;0805-B;1;2;7.568;-12.7;1.15;1.45;0;E_VE'
444;SE;DFN65P300X300X100-9N;0;1;-3.327;-8.56;0.3556;0.762;0;BETA_5V'
445;SE;DFN65P300X300X100-9N;1;2;-3.327;-9.195;0.3556;0.762;0;BETA_5V'
446;SE;DFN65P300X300X100-9N;2;3;-3.327;-9.855;0.3556;0.762;0;SE_EN
447;SE;DFN65P300X300X100-9N;3;4;-3.327;-10.49;0.3556;0.762;0;GND
448;SE;DFN65P300X300X100-9N;4;5;-0.483;-10.49;0.3556;0.762;0;SE_PG
449;SE;DFN65P300X300X100-9N;5;6;-0.483;-9.855;0.3556;0.762;0;N$1003
450;SE;DFN65P300X300X100-9N;6;7;-0.483;-9.195;0.3556;0.762;0;N$1001
451;SE;DFN65P300X300X100-9N;7;8;-0.483;-8.56;0.3556;0.762;0;N$1000
452;SE;DFN65P300X300X100-9N;8;9;-1.905;-9.525;1.5494;2.413;0;GND
453;R22;0402-B;0;1;-6.482;-12.7;0.62;0.62;0;N$1000
454;R22;0402-B;1;2;-5.582;-12.7;0.62;0.62;0;N$1001
455;R24;0402-B;0;1;-7.435;-6.985;0.62;0.62;0;N$1001
456;R24;0402-B;1;2;-6.535;-6.985;0.62;0.62;0;GND
457;TR6;TRIM-PVZ2A;0;2;-6.032;-8.643;0.9;0.9;0;N$1001
458;TR6;TRIM-PVZ2A;1;3;-6.682;-8.643;0.6;0.7;180;N$1018
459;TR6;TRIM-PVZ2A;2;1;-5.382;-8.643;0.6;0.7;180;N$1014
460;R23;0402-B;0;1;-7.435;-12.7;0.62;0.62;0;N$1014
461;R23;0402-B;1;2;-6.535;-12.7;0.62;0.62;0;GND
462;C40;0603-B;0;1;-3.657;-14.287;0.95;1.0;0;N$1000
463;C40;0603-B;1;2;-2.058;-14.287;0.95;1.0;0;GND
464;C41;0402-B;0;1;-5.53;-6.985;0.62;0.62;0;N$1003
465;C41;0402-B;1;2;-4.63;-6.985;0.62;0.62;0;GND
466;C42;0603-B;0;1;-2.705;-6.985;0.95;1.0;0;BETA_5V'
467;C42;0603-B;1;2;-1.105;-6.985;0.95;1.0;0;GND
468;L6;0805-B;0;1;-3.757;-12.7;1.15;1.45;0;N$1000
469;L6;0805-B;1;2;-1.958;-12.7;1.15;1.45;0;S_VE'
470;SS;DFN65P300X300X100-9N;0;1;-12.852;-8.56;0.3556;0.762;0;BETA_5V'
471;SS;DFN65P300X300X100-9N;1;2;-12.852;-9.195;0.3556;0.762;0;BETA_5V'
472;SS;DFN65P300X300X100-9N;2;3;-12.852;-9.855;0.3556;0.762;0;SS_EN
473;SS;DFN65P300X300X100-9N;3;4;-12.852;-10.49;0.3556;0.762;0;GND
474;SS;DFN65P300X300X100-9N;4;5;-10.008;-10.49;0.3556;0.762;0;SS_PG
475;SS;DFN65P300X300X100-9N;5;6;-10.008;-9.855;0.3556;0.762;0;N$1011
476;SS;DFN65P300X300X100-9N;6;7;-10.008;-9.195;0.3556;0.762;0;N$1009
477;SS;DFN65P300X300X100-9N;7;8;-10.008;-8.56;0.3556;0.762;0;N$1008
478;SS;DFN65P300X300X100-9N;8;9;-11.43;-9.525;1.5494;2.413;0;GND
479;R26;0402-B;0;1;-16.008;-12.7;0.62;0.62;0;N$1008
480;R26;0402-B;1;2;-15.107;-12.7;0.62;0.62;0;N$1009
481;R28;0402-B;0;1;-16.96;-6.985;0.62;0.62;0;N$1009
482;R28;0402-B;1;2;-16.06;-6.985;0.62;0.62;0;GND
483;TR7;TRIM-PVZ2A;0;2;-15.557;-8.643;0.9;0.9;0;N$1009
484;TR7;TRIM-PVZ2A;1;3;-16.207;-8.643;0.6;0.7;180;N$1944
485;TR7;TRIM-PVZ2A;2;1;-14.907;-8.643;0.6;0.7;180;N$1022
486;R27;0402-B;0;1;-16.96;-12.7;0.62;0.62;0;N$1022
487;R27;0402-B;1;2;-16.06;-12.7;0.62;0.62;0;GND
488;C43;0603-B;0;1;-13.183;-14.287;0.95;1.0;0;N$1008
489;C43;0603-B;1;2;-11.582;-14.287;0.95;1.0;0;GND
490;C44;0402-B;0;1;-15.055;-6.985;0.62;0.62;0;N$1011
491;C44;0402-B;1;2;-14.155;-6.985;0.62;0.62;0;GND
492;C45;0603-B;0;1;-12.23;-6.985;0.95;1.0;0;BETA_5V'
493;C45;0603-B;1;2;-10.63;-6.985;0.95;1.0;0;GND
494;L7;0805-B;0;1;-13.283;-12.7;1.15;1.45;0;N$1008
495;L7;0805-B;1;2;-11.482;-12.7;1.15;1.45;0;S_VS'
496;SW;DFN65P300X300X100-9N;0;1;-22.377;-8.56;0.3556;0.762;0;BETA_5V'
497;SW;DFN65P300X300X100-9N;1;2;-22.377;-9.195;0.3556;0.762;0;BETA_5V'
498;SW;DFN65P300X300X100-9N;2;3;-22.377;-9.855;0.3556;0.762;0;SW_EN
499;SW;DFN65P300X300X100-9N;3;4;-22.377;-10.49;0.3556;0.762;0;GND
500;SW;DFN65P300X300X100-9N;4;5;-19.533;-10.49;0.3556;0.762;0;SW_PG
501;SW;DFN65P300X300X100-9N;5;6;-19.533;-9.855;0.3556;0.762;0;N$1019
502;SW;DFN65P300X300X100-9N;6;7;-19.533;-9.195;0.3556;0.762;0;N$1017
503;SW;DFN65P300X300X100-9N;7;8;-19.533;-8.56;0.3556;0.762;0;N$1016
504;SW;DFN65P300X300X100-9N;8;9;-20.955;-9.525;1.5494;2.413;0;GND
505;R30;0402-B;0;1;-25.532;-12.7;0.62;0.62;0;N$1016
506;R30;0402-B;1;2;-24.633;-12.7;0.62;0.62;0;N$1017
507;R32;0402-B;0;1;-26.485;-6.985;0.62;0.62;0;N$1017
508;R32;0402-B;1;2;-25.585;-6.985;0.62;0.62;0;GND
509;TR8;TRIM-PVZ2A;0;2;-25.082;-8.643;0.9;0.9;0;N$1017
510;TR8;TRIM-PVZ2A;1;3;-25.732;-8.643;0.6;0.7;180;N$3430
511;TR8;TRIM-PVZ2A;2;1;-24.433;-8.643;0.6;0.7;180;N$3239
512;R31;0402-B;0;1;-26.485;-12.7;0.62;0.62;0;N$3239
513;R31;0402-B;1;2;-25.585;-12.7;0.62;0.62;0;GND
514;C46;0603-B;0;1;-22.707;-14.287;0.95;1.0;0;N$1016
515;C46;0603-B;1;2;-21.107;-14.287;0.95;1.0;0;GND
516;C47;0402-B;0;1;-24.58;-6.985;0.62;0.62;0;N$1019
517;C47;0402-B;1;2;-23.68;-6.985;0.62;0.62;0;GND
518;C48;0603-B;0;1;-21.755;-6.985;0.95;1.0;0;BETA_5V'
519;C48;0603-B;1;2;-20.155;-6.985;0.95;1.0;0;GND
520;L8;0805-B;0;1;-22.807;-12.7;1.15;1.45;0;N$1016
521;L8;0805-B;1;2;-21.008;-12.7;1.15;1.45;0;S_VW'
522;MXS;DFN65P300X300X100-9N;0;1;-45.237;-14.275;0.3556;0.762;0;BETA_5V'
523;MXS;DFN65P300X300X100-9N;1;2;-45.237;-14.91;0.3556;0.762;0;BETA_5V'
524;MXS;DFN65P300X300X100-9N;2;3;-45.237;-15.57;0.3556;0.762;0;MXS_EN
525;MXS;DFN65P300X300X100-9N;3;4;-45.237;-16.205;0.3556;0.762;0;GND
526;MXS;DFN65P300X300X100-9N;4;5;-42.393;-16.205;0.3556;0.762;0;MXS_PG
527;MXS;DFN65P300X300X100-9N;5;6;-42.393;-15.57;0.3556;0.762;0;N$47
528;MXS;DFN65P300X300X100-9N;6;7;-42.393;-14.91;0.3556;0.762;0;N$46
529;MXS;DFN65P300X300X100-9N;7;8;-42.393;-14.275;0.3556;0.762;0;N$1
530;MXS;DFN65P300X300X100-9N;8;9;-43.815;-15.24;1.5494;2.413;0;GND
531;R41;0402-B;0;1;-46.17;-12.065;0.62;0.62;0;N$1
532;R41;0402-B;1;2;-45.27;-12.065;0.62;0.62;0;N$46
533;R42;0402-B;0;1;-44.265;-12.065;0.62;0.62;0;N$46
534;R42;0402-B;1;2;-43.365;-12.065;0.62;0.62;0;GND
535;C49;0603-B;0;1;-47.155;-15.24;0.95;1.0;0;N$1
536;C49;0603-B;1;2;-45.555;-15.24;0.95;1.0;0;GND
537;C50;0402-B;0;1;-42.36;-12.065;0.62;0.62;0;N$47
538;C50;0402-B;1;2;-41.46;-12.065;0.62;0.62;0;GND
539;C51;0603-B;0;1;-42.075;-15.24;0.95;1.0;0;BETA_5V'
540;C51;0603-B;1;2;-40.475;-15.24;0.95;1.0;0;GND
541;L9;0805-A;0;1;-49.26;-15.24;1.35;1.55;0;N$1
542;L9;0805-A;1;2;-47.26;-15.24;1.35;1.55;0;PCIE_S_V'
543;MCS;DFN65P300X300X100-9N;0;1;-45.237;-6.655;0.3556;0.762;0;BETA_5V'
544;MCS;DFN65P300X300X100-9N;1;2;-45.237;-7.29;0.3556;0.762;0;BETA_5V'
545;MCS;DFN65P300X300X100-9N;2;3;-45.237;-7.95;0.3556;0.762;0;MCS_EN
546;MCS;DFN65P300X300X100-9N;3;4;-45.237;-8.585;0.3556;0.762;0;GND
547;MCS;DFN65P300X300X100-9N;4;5;-42.393;-8.585;0.3556;0.762;0;MCS_PG
548;MCS;DFN65P300X300X100-9N;5;6;-42.393;-7.95;0.3556;0.762;0;N$3236
549;MCS;DFN65P300X300X100-9N;6;7;-42.393;-7.29;0.3556;0.762;0;N$3235
550;MCS;DFN65P300X300X100-9N;7;8;-42.393;-6.655;0.3556;0.762;0;N$3234
551;MCS;DFN65P300X300X100-9N;8;9;-43.815;-7.62;1.5494;2.413;0;GND
552;R39;0402-B;0;1;-46.17;-4.445;0.62;0.62;0;N$3234
553;R39;0402-B;1;2;-45.27;-4.445;0.62;0.62;0;N$3235
554;R40;0402-B;0;1;-44.265;-4.445;0.62;0.62;0;N$3235
555;R40;0402-B;1;2;-43.365;-4.445;0.62;0.62;0;GND
556;C52;0603-B;0;1;-47.155;-7.62;0.95;1.0;0;N$3234
557;C52;0603-B;1;2;-45.555;-7.62;0.95;1.0;0;GND
558;C53;0402-B;0;1;-42.36;-4.445;0.62;0.62;0;N$3236
559;C53;0402-B;1;2;-41.46;-4.445;0.62;0.62;0;GND
560;C54;0603-B;0;1;-42.075;-7.62;0.95;1.0;0;BETA_5V'
561;C54;0603-B;1;2;-40.475;-7.62;0.95;1.0;0;GND
562;L10;0805-A;0;1;-49.26;-7.62;1.35;1.55;0;N$3234
563;L10;0805-A;1;2;-47.26;-7.62;1.35;1.55;0;CSO_S_V'
564;VIO;DFN65P300X300X100-9N;0;1;-45.237;0.965;0.3556;0.762;0;BETA_5V'
565;VIO;DFN65P300X300X100-9N;1;2;-45.237;0.33;0.3556;0.762;0;BETA_5V'
566;VIO;DFN65P300X300X100-9N;2;3;-45.237;-0.33;0.3556;0.762;0;VIO_EN
567;VIO;DFN65P300X300X100-9N;3;4;-45.237;-0.965;0.3556;0.762;0;GND
568;VIO;DFN65P300X300X100-9N;4;5;-42.393;-0.965;0.3556;0.762;0;VIO_PG
569;VIO;DFN65P300X300X100-9N;5;6;-42.393;-0.33;0.3556;0.762;0;N$3427
570;VIO;DFN65P300X300X100-9N;6;7;-42.393;0.33;0.3556;0.762;0;N$3426
571;VIO;DFN65P300X300X100-9N;7;8;-42.393;0.965;0.3556;0.762;0;N$3425
572;VIO;DFN65P300X300X100-9N;8;9;-43.815;0.0;1.5494;2.413;0;GND
573;R37;0402-B;0;1;-46.17;3.175;0.62;0.62;0;N$3425
574;R37;0402-B;1;2;-45.27;3.175;0.62;0.62;0;N$3426
575;R38;0402-B;0;1;-44.265;3.175;0.62;0.62;0;N$3426
576;R38;0402-B;1;2;-43.365;3.175;0.62;0.62;0;GND
577;C55;0603-B;0;1;-47.155;0.0;0.95;1.0;0;N$3425
578;C55;0603-B;1;2;-45.555;0.0;0.95;1.0;0;GND
579;C56;0402-B;0;1;-42.36;3.175;0.62;0.62;0;N$3427
580;C56;0402-B;1;2;-41.46;3.175;0.62;0.62;0;GND
581;C57;0603-B;0;1;-42.075;0.0;0.95;1.0;0;BETA_5V'
582;C57;0603-B;1;2;-40.475;0.0;0.95;1.0;0;GND
583;L11;0805-A;0;1;-49.26;0.0;1.35;1.55;0;N$3425
584;L11;0805-A;1;2;-47.26;0.0;1.35;1.55;0;VCCIO
585;MCN;DFN65P300X300X100-9N;0;1;-45.237;8.585;0.3556;0.762;0;BETA_5V'
586;MCN;DFN65P300X300X100-9N;1;2;-45.237;7.95;0.3556;0.762;0;BETA_5V'
587;MCN;DFN65P300X300X100-9N;2;3;-45.237;7.29;0.3556;0.762;0;MCN_EN
588;MCN;DFN65P300X300X100-9N;3;4;-45.237;6.655;0.3556;0.762;0;GND
589;MCN;DFN65P300X300X100-9N;4;5;-42.393;6.655;0.3556;0.762;0;MCN_PG
590;MCN;DFN65P300X300X100-9N;5;6;-42.393;7.29;0.3556;0.762;0;N$3618
591;MCN;DFN65P300X300X100-9N;6;7;-42.393;7.95;0.3556;0.762;0;N$3617
592;MCN;DFN65P300X300X100-9N;7;8;-42.393;8.585;0.3556;0.762;0;N$3616
593;MCN;DFN65P300X300X100-9N;8;9;-43.815;7.62;1.5494;2.413;0;GND
594;R35;0402-B;0;1;-46.17;10.795;0.62;0.62;0;N$3616
595;R35;0402-B;1;2;-45.27;10.795;0.62;0.62;0;N$3617
596;R36;0402-B;0;1;-44.265;10.795;0.62;0.62;0;N$3617
597;R36;0402-B;1;2;-43.365;10.795;0.62;0.62;0;GND
598;C58;0603-B;0;1;-47.155;7.62;0.95;1.0;0;N$3616
599;C58;0603-B;1;2;-45.555;7.62;0.95;1.0;0;GND
600;C59;0402-B;0;1;-42.36;10.795;0.62;0.62;0;N$3618
601;C59;0402-B;1;2;-41.46;10.795;0.62;0.62;0;GND
602;C60;0603-B;0;1;-42.075;7.62;0.95;1.0;0;BETA_5V'
603;C60;0603-B;1;2;-40.475;7.62;0.95;1.0;0;GND
604;L12;0805-A;0;1;-49.26;7.62;1.35;1.55;0;N$3616
605;L12;0805-A;1;2;-47.26;7.62;1.35;1.55;0;CSO_N_V'
606;MXN;DFN65P300X300X100-9N;0;1;-45.237;16.205;0.3556;0.762;0;BETA_5V'
607;MXN;DFN65P300X300X100-9N;1;2;-45.237;15.57;0.3556;0.762;0;BETA_5V'
608;MXN;DFN65P300X300X100-9N;2;3;-45.237;14.91;0.3556;0.762;0;MXN_EN
609;MXN;DFN65P300X300X100-9N;3;4;-45.237;14.275;0.3556;0.762;0;GND
610;MXN;DFN65P300X300X100-9N;4;5;-42.393;14.275;0.3556;0.762;0;MXN_PG
611;MXN;DFN65P300X300X100-9N;5;6;-42.393;14.91;0.3556;0.762;0;N$3809
612;MXN;DFN65P300X300X100-9N;6;7;-42.393;15.57;0.3556;0.762;0;N$3808
613;MXN;DFN65P300X300X100-9N;7;8;-42.393;16.205;0.3556;0.762;0;N$3807
614;MXN;DFN65P300X300X100-9N;8;9;-43.815;15.24;1.5494;2.413;0;GND
615;R33;0402-B;0;1;-46.17;18.415;0.62;0.62;0;N$3807
616;R33;0402-B;1;2;-45.27;18.415;0.62;0.62;0;N$3808
617;R34;0402-B;0;1;-44.265;18.415;0.62;0.62;0;N$3808
618;R34;0402-B;1;2;-43.365;18.415;0.62;0.62;0;GND
619;C61;0603-B;0;1;-47.155;15.24;0.95;1.0;0;N$3807
620;C61;0603-B;1;2;-45.555;15.24;0.95;1.0;0;GND
621;C62;0402-B;0;1;-42.36;18.415;0.62;0.62;0;N$3809
622;C62;0402-B;1;2;-41.46;18.415;0.62;0.62;0;GND
623;C63;0603-B;0;1;-42.075;15.24;0.95;1.0;0;BETA_5V'
624;C63;0603-B;1;2;-40.475;15.24;0.95;1.0;0;GND
625;L13;0805-A;0;1;-49.26;15.24;1.35;1.55;0;N$3807
626;L13;0805-A;1;2;-47.26;15.24;1.35;1.55;0;PCIE_N_V'
627;U6;QFN50P400X400X80-25N;0;1;1.25;1.95;0.3048;0.8128;270;SW_EN
628;U6;QFN50P400X400X80-25N;1;2;0.75;1.95;0.3048;0.8128;270;SS_PG
629;U6;QFN50P400X400X80-25N;2;3;0.25;1.95;0.3048;0.8128;270;SS_EN
630;U6;QFN50P400X400X80-25N;3;4;-0.25;1.95;0.3048;0.8128;270;SE_PG
631;U6;QFN50P400X400X80-25N;4;5;-0.75;1.95;0.3048;0.8128;270;SE_EN
632;U6;QFN50P400X400X80-25N;5;6;-1.25;1.95;0.3048;0.8128;270;EE_PG
633;U6;QFN50P400X400X80-25N;6;7;1.25;1.95;0.3048;0.8128;180;EE_EN
634;U6;QFN50P400X400X80-25N;7;8;0.75;1.95;0.3048;0.8128;180;VCC
635;U6;QFN50P400X400X80-25N;8;9;0.25;1.95;0.3048;0.8128;180;PMOD_SCL
636;U6;QFN50P400X400X80-25N;9;10;-0.25;1.95;0.3048;0.8128;180;PMOD_SDA
637;U6;QFN50P400X400X80-25N;10;11;-0.75;1.95;0.3048;0.8128;180;N$4020
638;U6;QFN50P400X400X80-25N;11;12;-1.25;1.95;0.3048;0.8128;180;VCC
639;U6;QFN50P400X400X80-25N;12;13;-1.25;-1.95;0.3048;0.8128;270;
640;U6;QFN50P400X400X80-25N;13;14;-0.75;-1.95;0.3048;0.8128;270;
641;U6;QFN50P400X400X80-25N;14;15;-0.25;-1.95;0.3048;0.8128;270;NE_PG
642;U6;QFN50P400X400X80-25N;15;16;0.25;-1.95;0.3048;0.8128;270;NE_EN
643;U6;QFN50P400X400X80-25N;16;17;0.75;-1.95;0.3048;0.8128;270;NN_PG
644;U6;QFN50P400X400X80-25N;17;18;1.25;-1.95;0.3048;0.8128;270;NN_EN
645;U6;QFN50P400X400X80-25N;18;19;-1.25;-1.95;0.3048;0.8128;180;NW_PG
646;U6;QFN50P400X400X80-25N;19;20;-0.75;-1.95;0.3048;0.8128;180;NW_EN
647;U6;QFN50P400X400X80-25N;20;21;-0.25;-1.95;0.3048;0.8128;180;WW_PG
648;U6;QFN50P400X400X80-25N;21;22;0.25;-1.95;0.3048;0.8128;180;WW_EN
649;U6;QFN50P400X400X80-25N;22;23;0.75;-1.95;0.3048;0.8128;180;GND
650;U6;QFN50P400X400X80-25N;23;24;1.25;-1.95;0.3048;0.8128;180;SW_PG
651;U6;QFN50P400X400X80-25N;24;25;0.0;0.0;2.2;2.2;0;GND
652;U7;QFN50P400X400X80-25N;0;1;-33.04;6.395;0.3048;0.8128;270;MXS_EN
653;U7;QFN50P400X400X80-25N;1;2;-33.54;6.395;0.3048;0.8128;270;
654;U7;QFN50P400X400X80-25N;2;3;-34.04;6.395;0.3048;0.8128;270;
655;U7;QFN50P400X400X80-25N;3;4;-34.54;6.395;0.3048;0.8128;270;
656;U7;QFN50P400X400X80-25N;4;5;-35.04;6.395;0.3048;0.8128;270;
657;U7;QFN50P400X400X80-25N;5;6;-35.54;6.395;0.3048;0.8128;270;
658;U7;QFN50P400X400X80-25N;6;7;-33.04;6.395;0.3048;0.8128;180;
659;U7;QFN50P400X400X80-25N;7;8;-33.54;6.395;0.3048;0.8128;180;VCC
660;U7;QFN50P400X400X80-25N;8;9;-34.04;6.395;0.3048;0.8128;180;PMOD_SCL
661;U7;QFN50P400X400X80-25N;9;10;-34.54;6.395;0.3048;0.8128;180;PMOD_SDA
662;U7;QFN50P400X400X80-25N;10;11;-35.04;6.395;0.3048;0.8128;180;N$4041
663;U7;QFN50P400X400X80-25N;11;12;-35.54;6.395;0.3048;0.8128;180;VCC
664;U7;QFN50P400X400X80-25N;12;13;-35.54;2.495;0.3048;0.8128;270;
665;U7;QFN50P400X400X80-25N;13;14;-35.04;2.495;0.3048;0.8128;270;
666;U7;QFN50P400X400X80-25N;14;15;-34.54;2.495;0.3048;0.8128;270;MXN_PG
667;U7;QFN50P400X400X80-25N;15;16;-34.04;2.495;0.3048;0.8128;270;MXN_EN
668;U7;QFN50P400X400X80-25N;16;17;-33.54;2.495;0.3048;0.8128;270;MCN_PG
669;U7;QFN50P400X400X80-25N;17;18;-33.04;2.495;0.3048;0.8128;270;MCN_EN
670;U7;QFN50P400X400X80-25N;18;19;-35.54;2.495;0.3048;0.8128;180;VIO_PG
671;U7;QFN50P400X400X80-25N;19;20;-35.04;2.495;0.3048;0.8128;180;VIO_EN
672;U7;QFN50P400X400X80-25N;20;21;-34.54;2.495;0.3048;0.8128;180;MCS_PG
673;U7;QFN50P400X400X80-25N;21;22;-34.04;2.495;0.3048;0.8128;180;MCS_EN
674;U7;QFN50P400X400X80-25N;22;23;-33.54;2.495;0.3048;0.8128;180;GND
675;U7;QFN50P400X400X80-25N;23;24;-33.04;2.495;0.3048;0.8128;180;MXS_PG
676;U7;QFN50P400X400X80-25N;24;25;-34.29;4.445;2.2;2.2;0;GND
677;RFE;DFN65P300X300X100-9N;0;1;15.723;-3.48;0.3556;0.762;0;BETA_5V'
678;RFE;DFN65P300X300X100-9N;1;2;15.723;-4.115;0.3556;0.762;0;BETA_5V'
679;RFE;DFN65P300X300X100-9N;2;3;15.723;-4.775;0.3556;0.762;0;RFE_EN
680;RFE;DFN65P300X300X100-9N;3;4;15.723;-5.41;0.3556;0.762;0;GND
681;RFE;DFN65P300X300X100-9N;4;5;18.567;-5.41;0.3556;0.762;0;RFE_PG
682;RFE;DFN65P300X300X100-9N;5;6;18.567;-4.775;0.3556;0.762;0;N$97
683;RFE;DFN65P300X300X100-9N;6;7;18.567;-4.115;0.3556;0.762;0;N$49
684;RFE;DFN65P300X300X100-9N;7;8;18.567;-3.48;0.3556;0.762;0;N$48
685;RFE;DFN65P300X300X100-9N;8;9;17.145;-4.445;1.5494;2.413;0;GND
686;R47;0402-B;0;1;18.6;-7.62;0.62;0.62;0;N$48
687;R47;0402-B;1;2;19.5;-7.62;0.62;0.62;0;N$49
688;R48;0402-B;0;1;16.695;-7.62;0.62;0.62;0;N$49
689;R48;0402-B;1;2;17.595;-7.62;0.62;0.62;0;GND
690;C64;0603-B;0;1;20.79;-5.397;0.95;1.0;0;N$48
691;C64;0603-B;1;2;22.39;-5.397;0.95;1.0;0;GND
692;C65;0402-B;0;1;14.79;-7.62;0.62;0.62;0;N$97
693;C65;0402-B;1;2;15.69;-7.62;0.62;0.62;0;GND
694;C66;0603-B;0;1;13.805;-4.445;0.95;1.0;0;BETA_5V'
695;C66;0603-B;1;2;15.405;-4.445;0.95;1.0;0;GND
696;L14;0805-B;0;1;19.103;-5.397;1.15;1.45;0;N$48
697;L14;0805-B;1;2;20.902;-5.397;1.15;1.45;0;RFE_V'
698;IOE;DFN65P300X300X100-9N;0;1;15.723;-11.1;0.3556;0.762;0;BETA_5V'
699;IOE;DFN65P300X300X100-9N;1;2;15.723;-11.735;0.3556;0.762;0;BETA_5V'
700;IOE;DFN65P300X300X100-9N;2;3;15.723;-12.395;0.3556;0.762;0;IOE_EN
701;IOE;DFN65P300X300X100-9N;3;4;15.723;-13.03;0.3556;0.762;0;GND
702;IOE;DFN65P300X300X100-9N;4;5;18.567;-13.03;0.3556;0.762;0;IOE_PG
703;IOE;DFN65P300X300X100-9N;5;6;18.567;-12.395;0.3556;0.762;0;N$421
704;IOE;DFN65P300X300X100-9N;6;7;18.567;-11.735;0.3556;0.762;0;N$420
705;IOE;DFN65P300X300X100-9N;7;8;18.567;-11.1;0.3556;0.762;0;N$98
706;IOE;DFN65P300X300X100-9N;8;9;17.145;-12.065;1.5494;2.413;0;GND
707;R49;0402-B;0;1;18.6;-15.24;0.62;0.62;0;N$98
708;R49;0402-B;1;2;19.5;-15.24;0.62;0.62;0;N$420
709;R50;0402-B;0;1;16.695;-15.24;0.62;0.62;0;N$420
710;R50;0402-B;1;2;17.595;-15.24;0.62;0.62;0;GND
711;C67;0603-B;0;1;20.79;-13.018;0.95;1.0;0;N$98
712;C67;0603-B;1;2;22.39;-13.018;0.95;1.0;0;GND
713;C68;0402-B;0;1;14.79;-15.24;0.62;0.62;0;N$421
714;C68;0402-B;1;2;15.69;-15.24;0.62;0.62;0;GND
715;C69;0603-B;0;1;13.805;-12.065;0.95;1.0;0;BETA_5V'
716;C69;0603-B;1;2;15.405;-12.065;0.95;1.0;0;GND
717;L15;0805-B;0;1;19.103;-13.018;1.15;1.45;0;N$98
718;L15;0805-B;1;2;20.902;-13.018;1.15;1.45;0;IOE_V'
719;RFW;DFN65P300X300X100-9N;0;1;-18.567;5.41;0.3556;0.762;0;BETA_5V'
720;RFW;DFN65P300X300X100-9N;1;2;-18.567;4.775;0.3556;0.762;0;BETA_5V'
721;RFW;DFN65P300X300X100-9N;2;3;-18.567;4.115;0.3556;0.762;0;RFW_EN
722;RFW;DFN65P300X300X100-9N;3;4;-18.567;3.48;0.3556;0.762;0;GND
723;RFW;DFN65P300X300X100-9N;4;5;-15.723;3.48;0.3556;0.762;0;RFW_PG
724;RFW;DFN65P300X300X100-9N;5;6;-15.723;4.115;0.3556;0.762;0;N$804
725;RFW;DFN65P300X300X100-9N;6;7;-15.723;4.775;0.3556;0.762;0;N$613
726;RFW;DFN65P300X300X100-9N;7;8;-15.723;5.41;0.3556;0.762;0;N$612
727;RFW;DFN65P300X300X100-9N;8;9;-17.145;4.445;1.5494;2.413;0;GND
728;R43;0402-B;0;1;-19.5;7.62;0.62;0.62;0;N$612
729;R43;0402-B;1;2;-18.6;7.62;0.62;0.62;0;N$613
730;R44;0402-B;0;1;-17.595;7.62;0.62;0.62;0;N$613
731;R44;0402-B;1;2;-16.695;7.62;0.62;0.62;0;GND
732;C70;0603-B;0;1;-22.39;5.397;0.95;1.0;0;N$612
733;C70;0603-B;1;2;-20.79;5.397;0.95;1.0;0;GND
734;C71;0402-B;0;1;-15.69;7.62;0.62;0.62;0;N$804
735;C71;0402-B;1;2;-14.79;7.62;0.62;0.62;0;GND
736;C72;0603-B;0;1;-15.405;4.445;0.95;1.0;0;BETA_5V'
737;C72;0603-B;1;2;-13.805;4.445;0.95;1.0;0;GND
738;L16;0805-B;0;1;-20.902;5.397;1.15;1.45;0;N$612
739;L16;0805-B;1;2;-19.103;5.397;1.15;1.45;0;RFW_V'
740;IOW;DFN65P300X300X100-9N;0;1;-18.567;13.03;0.3556;0.762;0;BETA_5V'
741;IOW;DFN65P300X300X100-9N;1;2;-18.567;12.395;0.3556;0.762;0;BETA_5V'
742;IOW;DFN65P300X300X100-9N;2;3;-18.567;11.735;0.3556;0.762;0;IOW_EN
743;IOW;DFN65P300X300X100-9N;3;4;-18.567;11.1;0.3556;0.762;0;GND
744;IOW;DFN65P300X300X100-9N;4;5;-15.723;11.1;0.3556;0.762;0;IOW_PG
745;IOW;DFN65P300X300X100-9N;5;6;-15.723;11.735;0.3556;0.762;0;N$997
746;IOW;DFN65P300X300X100-9N;6;7;-15.723;12.395;0.3556;0.762;0;N$996
747;IOW;DFN65P300X300X100-9N;7;8;-15.723;13.03;0.3556;0.762;0;N$805
748;IOW;DFN65P300X300X100-9N;8;9;-17.145;12.065;1.5494;2.413;0;GND
749;R45;0402-B;0;1;-19.5;15.24;0.62;0.62;0;N$805
750;R45;0402-B;1;2;-18.6;15.24;0.62;0.62;0;N$996
751;R46;0402-B;0;1;-17.595;15.24;0.62;0.62;0;N$996
752;R46;0402-B;1;2;-16.695;15.24;0.62;0.62;0;GND
753;C73;0603-B;0;1;-22.39;13.018;0.95;1.0;0;N$805
754;C73;0603-B;1;2;-20.79;13.018;0.95;1.0;0;GND
755;C74;0402-B;0;1;-15.69;15.24;0.62;0.62;0;N$997
756;C74;0402-B;1;2;-14.79;15.24;0.62;0.62;0;GND
757;C75;0603-B;0;1;-15.405;12.065;0.95;1.0;0;BETA_5V'
758;C75;0603-B;1;2;-13.805;12.065;0.95;1.0;0;GND
759;L17;0805-B;0;1;-20.902;13.018;1.15;1.45;0;N$805
760;L17;0805-B;1;2;-19.103;13.018;1.15;1.45;0;IOW_V'
761;R63;1206-B;0;1;-23.09;2.54;1.15;1.8;0;RFW_V'
762;R63;1206-B;1;2;-20.09;2.54;1.15;1.8;0;RFW_V
763;R64;1206-B;0;1;-23.09;10.16;1.15;1.8;0;IOW_V'
764;R64;1206-B;1;2;-20.09;10.16;1.15;1.8;0;IOW_V
765;R65;1206-B;0;1;20.09;-2.54;1.15;1.8;0;RFE_V'
766;R65;1206-B;1;2;23.09;-2.54;1.15;1.8;0;RFE_V
767;R66;1206-B;0;1;20.09;-10.16;1.15;1.8;0;IOE_V'
768;R66;1206-B;1;2;23.09;-10.16;1.15;1.8;0;IOE_V
769;R67;1206-B;0;1;-41.505;26.67;1.15;1.8;0;CSO_N_V'
770;R67;1206-B;1;2;-38.505;26.67;1.15;1.8;0;CSO_NE_V
771;R68;1206-B;0;1;-41.505;24.13;1.15;1.8;0;PCIE_N_V'
772;R68;1206-B;1;2;-38.505;24.13;1.15;1.8;0;PCIE_N_V
773;R71;1206-B;0;1;-41.505;-26.67;1.15;1.8;0;CSO_S_V'
774;R71;1206-B;1;2;-38.505;-26.67;1.15;1.8;0;CSO_SW_V
775;R72;1206-B;0;1;-41.505;-24.13;1.15;1.8;0;PCIE_S_V'
776;R72;1206-B;1;2;-38.505;-24.13;1.15;1.8;0;PCIE_S_V
777;R51;1206-B;0;1;-11.025;13.97;1.15;1.8;0;W_VW'
778;R51;1206-B;1;2;-8.025;13.97;1.15;1.8;0;W_VW
779;R52;1206-B;0;1;-1.5;13.97;1.15;1.8;0;N_VW'
780;R52;1206-B;1;2;1.5;13.97;1.15;1.8;0;N_VW
781;R53;1206-B;0;1;8.025;13.97;1.15;1.8;0;N_VN'
782;R53;1206-B;1;2;11.025;13.97;1.15;1.8;0;N_VN
783;R54;1206-B;0;1;17.55;13.97;1.15;1.8;0;N_VE'
784;R54;1206-B;1;2;20.55;13.97;1.15;1.8;0;N_VE
785;R57;1206-B;0;1;8.025;-13.97;1.15;1.8;0;E_VE'
786;R57;1206-B;1;2;11.025;-13.97;1.15;1.8;0;E_VE
787;R58;1206-B;0;1;-1.5;-13.97;1.15;1.8;0;S_VE'
788;R58;1206-B;1;2;1.5;-13.97;1.15;1.8;0;S_VE
789;R59;1206-B;0;1;-11.025;-13.97;1.15;1.8;0;S_VS'
790;R59;1206-B;1;2;-8.025;-13.97;1.15;1.8;0;S_VS
791;R60;1206-B;0;1;-20.55;-13.97;1.15;1.8;0;S_VW'
792;R60;1206-B;1;2;-17.55;-13.97;1.15;1.8;0;S_VW
793;R69;1206-B;0;1;37.87;1.905;1.15;1.8;0;ZED_5V
794;R69;1206-B;1;2;40.87;1.905;1.15;1.8;0;ZED_5V'
795;R70;1206-B;0;1;37.87;-1.905;1.15;1.8;0;BETA_5V
796;R70;1206-B;1;2;40.87;-1.905;1.15;1.8;0;BETA_5V'
797;U25;PCA9570GMH;0;1;8.925;-0.77;0.25;0.45;0;GND
798;U25;PCA9570GMH;1;2;8.925;-1.27;0.25;0.45;0;VCCIO
799;U25;PCA9570GMH;2;3;8.925;-1.77;0.25;0.45;0;AB_SDA
800;U25;PCA9570GMH;3;4;10.125;-1.27;0.25;0.45;90;AB_SCL
801;U25;PCA9570GMH;4;5;10.125;-1.77;0.25;0.45;0;AB_SCL'
802;U25;PCA9570GMH;5;6;10.125;-1.27;0.25;0.45;0;AB_SDA'
803;U25;PCA9570GMH;6;7;10.125;-0.77;0.25;0.45;0;N$1006
804;U25;PCA9570GMH;7;8;8.925;-1.27;0.25;0.45;90;N$1006
805;R94;0402-B;0;1;6.218;0.0;0.62;0.62;0;VCC
806;R94;0402-B;1;2;7.118;0.0;0.62;0.62;0;N$1006
807;C82;0402-B;0;1;7.17;0.0;0.62;0.62;0;N$1006
808;C82;0402-B;1;2;8.07;0.0;0.62;0.62;0;GND
809;U24;DFN3X3_10LEAD;0;1;-38.28;-18.05;0.3;0.7;0;VCCIO
810;U24;DFN3X3_10LEAD;1;2;-38.28;-18.55;0.3;0.7;0;VCCO_35
811;U24;DFN3X3_10LEAD;2;3;-38.28;-19.05;0.3;0.7;0;VCCIO
812;U24;DFN3X3_10LEAD;3;4;-38.28;-19.55;0.3;0.7;0;VCCO_13
813;U24;DFN3X3_10LEAD;4;9;-35.38;-18.55;0.3;0.7;0;PMOD_SCL
814;U24;DFN3X3_10LEAD;5;6;-35.38;-20.05;0.3;0.7;0;N$38
815;U24;DFN3X3_10LEAD;6;7;-35.38;-19.55;0.3;0.7;0;
816;U24;DFN3X3_10LEAD;7;8;-35.38;-19.05;0.3;0.7;0;PMOD_SDA
817;U24;DFN3X3_10LEAD;8;EPAD;-36.83;-19.05;1.6;2.3;0;GND
818;U24;DFN3X3_10LEAD;9;5;-38.28;-20.05;0.3;0.7;0;GND
819;U24;DFN3X3_10LEAD;10;10;-35.38;-18.05;0.3;0.7;0;VCC
820;R75;0402-B;0;1;-36.328;-16.192;0.62;0.62;0;N$38
821;R75;0402-B;1;2;-35.427;-16.192;0.62;0.62;0;GND
822;U23;DFN3X3_10LEAD;0;1;-38.28;20.05;0.3;0.7;0;VCCIO
823;U23;DFN3X3_10LEAD;1;2;-38.28;19.55;0.3;0.7;0;PCIE_VCCIO
824;U23;DFN3X3_10LEAD;2;3;-38.28;19.05;0.3;0.7;0;VCCIO
825;U23;DFN3X3_10LEAD;3;4;-38.28;18.55;0.3;0.7;0;VCCO_34
826;U23;DFN3X3_10LEAD;4;9;-35.38;19.55;0.3;0.7;0;PMOD_SCL
827;U23;DFN3X3_10LEAD;5;6;-35.38;18.05;0.3;0.7;0;N$76
828;U23;DFN3X3_10LEAD;6;7;-35.38;18.55;0.3;0.7;0;
829;U23;DFN3X3_10LEAD;7;8;-35.38;19.05;0.3;0.7;0;PMOD_SDA
830;U23;DFN3X3_10LEAD;8;EPAD;-36.83;19.05;1.6;2.3;0;GND
831;U23;DFN3X3_10LEAD;9;5;-38.28;18.05;0.3;0.7;0;GND
832;U23;DFN3X3_10LEAD;10;10;-35.38;20.05;0.3;0.7;0;VCC
833;R78;0402-B;0;1;-38.233;16.192;0.62;0.62;0;N$76
834;R78;0402-B;1;2;-37.332;16.192;0.62;0.62;0;GND
835;C85;0402-B;0;1;3.36;-1.016;0.62;0.62;0;VCC
836;C85;0402-B;1;2;4.26;-1.016;0.62;0.62;0;GND
837;C86;0402-B;0;1;-30.295;2.54;0.62;0.62;0;VCC
838;C86;0402-B;1;2;-29.395;2.54;0.62;0.62;0;GND
839;R1;0402-B;0;1;-4.895;12.7;0.62;0.62;0;N$253
840;R1;0402-B;1;2;-3.995;12.7;0.62;0.62;0;N$34
841;R5;0402-B;0;1;4.63;12.7;0.62;0.62;0;N$610
842;R5;0402-B;1;2;5.53;12.7;0.62;0.62;0;N$416
843;R9;0402-B;0;1;14.155;12.7;0.62;0.62;0;N$994
844;R9;0402-B;1;2;15.055;12.7;0.62;0.62;0;N$608
845;R13;0402-B;0;1;23.68;12.7;0.62;0.62;0;N$1002
846;R13;0402-B;1;2;24.58;12.7;0.62;0.62;0;N$800
847;R17;0402-B;0;1;3.995;-12.7;0.62;0.62;0;N$1010
848;R17;0402-B;1;2;4.895;-12.7;0.62;0.62;0;N$992
849;R21;0402-B;0;1;-5.53;-12.7;0.62;0.62;0;N$1018
850;R21;0402-B;1;2;-4.63;-12.7;0.62;0.62;0;N$1000
851;R25;0402-B;0;1;-15.055;-12.7;0.62;0.62;0;N$1944
852;R25;0402-B;1;2;-14.155;-12.7;0.62;0.62;0;N$1008
853;R29;0402-B;0;1;-24.58;-12.7;0.62;0.62;0;N$3430
854;R29;0402-B;1;2;-23.68;-12.7;0.62;0.62;0;N$1016
855;U29;SOT996-2/3;0;1;-35.04;10.615;0.25;0.85;0;PMOD_SDA
856;U29;SOT996-2/3;1;2;-34.54;10.565;0.25;0.75;0;PMOD_SCL
857;U29;SOT996-2/3;2;3;-34.04;10.565;0.25;0.75;0;
858;U29;SOT996-2/3;3;4;-33.54;10.565;0.25;0.75;0;GND
859;U29;SOT996-2/3;4;5;-33.54;13.565;0.25;0.75;0;VCC
860;U29;SOT996-2/3;5;6;-34.04;13.565;0.25;0.75;0;VCC
861;U29;SOT996-2/3;6;7;-34.54;13.565;0.25;0.75;0;VCC
862;U29;SOT996-2/3;7;8;-35.04;13.565;0.25;0.75;0;VCC
863;C89;0402-B;0;1;-34.74;10.351;0.62;0.62;0;VCC
864;C89;0402-B;1;2;-33.84;10.351;0.62;0.62;0;GND
865;U9;QFN50P400X400X80-25N;0;1;32.365;7.665;0.3048;0.8128;270;
866;U9;QFN50P400X400X80-25N;1;2;31.865;7.665;0.3048;0.8128;270;E_SPI_EN
867;U9;QFN50P400X400X80-25N;2;3;31.365;7.665;0.3048;0.8128;270;N_I2C_EN
868;U9;QFN50P400X400X80-25N;3;4;30.865;7.665;0.3048;0.8128;270;N_SPI_EN
869;U9;QFN50P400X400X80-25N;4;5;30.365;7.665;0.3048;0.8128;270;E_I2C_EN
870;U9;QFN50P400X400X80-25N;5;6;29.865;7.665;0.3048;0.8128;270;A_BUS_EN
871;U9;QFN50P400X400X80-25N;6;7;32.365;7.665;0.3048;0.8128;180;B_BUS_EN
872;U9;QFN50P400X400X80-25N;7;8;31.865;7.665;0.3048;0.8128;180;VCC
873;U9;QFN50P400X400X80-25N;8;9;31.365;7.665;0.3048;0.8128;180;PMOD_SCL
874;U9;QFN50P400X400X80-25N;9;10;30.865;7.665;0.3048;0.8128;180;PMOD_SDA
875;U9;QFN50P400X400X80-25N;10;11;30.365;7.665;0.3048;0.8128;180;N$244
876;U9;QFN50P400X400X80-25N;11;12;29.865;7.665;0.3048;0.8128;180;VCC
877;U9;QFN50P400X400X80-25N;12;13;29.865;3.765;0.3048;0.8128;270;
878;U9;QFN50P400X400X80-25N;13;14;30.365;3.765;0.3048;0.8128;270;
879;U9;QFN50P400X400X80-25N;14;15;30.865;3.765;0.3048;0.8128;270;IOE_PG
880;U9;QFN50P400X400X80-25N;15;16;31.365;3.765;0.3048;0.8128;270;IOE_EN
881;U9;QFN50P400X400X80-25N;16;17;31.865;3.765;0.3048;0.8128;270;RFE_PG
882;U9;QFN50P400X400X80-25N;17;18;32.365;3.765;0.3048;0.8128;270;RFE_EN
883;U9;QFN50P400X400X80-25N;18;19;29.865;3.765;0.3048;0.8128;180;B_!RST
884;U9;QFN50P400X400X80-25N;19;20;30.365;3.765;0.3048;0.8128;180;CD'
885;U9;QFN50P400X400X80-25N;20;21;30.865;3.765;0.3048;0.8128;180;CSE_PG
886;U9;QFN50P400X400X80-25N;21;22;31.365;3.765;0.3048;0.8128;180;CSE_EN
887;U9;QFN50P400X400X80-25N;22;23;31.865;3.765;0.3048;0.8128;180;GND
888;U9;QFN50P400X400X80-25N;23;24;32.365;3.765;0.3048;0.8128;180;!X_MCLR
889;U9;QFN50P400X400X80-25N;24;25;31.115;5.715;2.2;2.2;0;GND
890;U8;QFN50P400X400X80-25N;0;1;-29.865;-3.765;0.3048;0.8128;270;
891;U8;QFN50P400X400X80-25N;1;2;-30.365;-3.765;0.3048;0.8128;270;JTAG_EN
892;U8;QFN50P400X400X80-25N;2;3;-30.865;-3.765;0.3048;0.8128;270;S_I2C_EN
893;U8;QFN50P400X400X80-25N;3;4;-31.365;-3.765;0.3048;0.8128;270;S_SPI_EN
894;U8;QFN50P400X400X80-25N;4;5;-31.865;-3.765;0.3048;0.8128;270;W_I2C_EN
895;U8;QFN50P400X400X80-25N;5;6;-32.365;-3.765;0.3048;0.8128;270;
896;U8;QFN50P400X400X80-25N;6;7;-29.865;-3.765;0.3048;0.8128;180;
897;U8;QFN50P400X400X80-25N;7;8;-30.365;-3.765;0.3048;0.8128;180;VCC
898;U8;QFN50P400X400X80-25N;8;9;-30.865;-3.765;0.3048;0.8128;180;PMOD_SCL
899;U8;QFN50P400X400X80-25N;9;10;-31.365;-3.765;0.3048;0.8128;180;PMOD_SDA
900;U8;QFN50P400X400X80-25N;10;11;-31.865;-3.765;0.3048;0.8128;180;N$250
901;U8;QFN50P400X400X80-25N;11;12;-32.365;-3.765;0.3048;0.8128;180;VCC
902;U8;QFN50P400X400X80-25N;12;13;-32.365;-7.665;0.3048;0.8128;270;
903;U8;QFN50P400X400X80-25N;13;14;-31.865;-7.665;0.3048;0.8128;270;
904;U8;QFN50P400X400X80-25N;14;15;-31.365;-7.665;0.3048;0.8128;270;IOW_PG
905;U8;QFN50P400X400X80-25N;15;16;-30.865;-7.665;0.3048;0.8128;270;IOW_EN
906;U8;QFN50P400X400X80-25N;16;17;-30.365;-7.665;0.3048;0.8128;270;RFW_PG
907;U8;QFN50P400X400X80-25N;17;18;-29.865;-7.665;0.3048;0.8128;270;RFW_EN
908;U8;QFN50P400X400X80-25N;18;19;-32.365;-7.665;0.3048;0.8128;180;A_!RST
909;U8;QFN50P400X400X80-25N;19;20;-31.865;-7.665;0.3048;0.8128;180;
910;U8;QFN50P400X400X80-25N;20;21;-31.365;-7.665;0.3048;0.8128;180;CNW_PG
911;U8;QFN50P400X400X80-25N;21;22;-30.865;-7.665;0.3048;0.8128;180;CNW_EN
912;U8;QFN50P400X400X80-25N;22;23;-30.365;-7.665;0.3048;0.8128;180;GND
913;U8;QFN50P400X400X80-25N;23;24;-29.865;-7.665;0.3048;0.8128;180;
914;U8;QFN50P400X400X80-25N;24;25;-31.115;-5.715;2.2;2.2;0;GND
915;U2;SIL0008D-GM;0;1;45.305;10.817;0.4;0.5;0;ZED_5V_EN
916;U2;SIL0008D-GM;1;2;45.305;10.167;0.4;0.5;0;VIN
917;U2;SIL0008D-GM;2;3;45.305;9.518;0.4;0.5;0;GND
918;U2;SIL0008D-GM;3;4;45.305;8.867;0.4;0.5;0;ZED_5V
919;U2;SIL0008D-GM;4;5;47.405;8.867;0.4;0.5;0;ZED_5V
920;U2;SIL0008D-GM;5;6;47.405;9.518;0.4;0.5;0;N$19
921;U2;SIL0008D-GM;6;7;47.405;10.167;0.4;0.5;0;ZED_5V_PG
922;U2;SIL0008D-GM;7;8;47.405;10.817;0.4;0.5;0;N$2
923;U2;SIL0008D-GM;8;EPAD;46.355;9.842;1.1;1.9;90;GND
924;U3;SIL0008D-GM;0;1;45.305;18.438;0.4;0.5;0;BETA_5V_EN
925;U3;SIL0008D-GM;1;2;45.305;17.787;0.4;0.5;0;VIN
926;U3;SIL0008D-GM;2;3;45.305;17.137;0.4;0.5;0;GND
927;U3;SIL0008D-GM;3;4;45.305;16.487;0.4;0.5;0;BETA_5V
928;U3;SIL0008D-GM;4;5;47.405;16.487;0.4;0.5;0;BETA_5V
929;U3;SIL0008D-GM;5;6;47.405;17.137;0.4;0.5;0;N$15
930;U3;SIL0008D-GM;6;7;47.405;17.787;0.4;0.5;0;BETA_5V_PG
931;U3;SIL0008D-GM;7;8;47.405;18.438;0.4;0.5;0;N$8
932;U3;SIL0008D-GM;8;EPAD;46.355;17.462;1.1;1.9;90;GND
933;C5;0402-C;0;1;46.59;12.383;0.52;0.52;0;N$2
934;C5;0402-C;1;2;47.39;12.383;0.52;0.52;0;GND
935;C6;0402-C;0;1;46.59;20.003;0.52;0.52;0;N$8
936;C6;0402-C;1;2;47.39;20.003;0.52;0.52;0;GND
937;C7;0603-B;0;1;43.015;17.462;0.95;1.0;0;VIN
938;C7;0603-B;1;2;44.615;17.462;0.95;1.0;0;GND
939;C8;0603-B;0;1;45.555;14.605;0.95;1.0;0;BETA_5V
940;C8;0603-B;1;2;47.155;14.605;0.95;1.0;0;GND
941;C9;0603-B;0;1;43.015;9.842;0.95;1.0;0;VIN
942;C9;0603-B;1;2;44.615;9.842;0.95;1.0;0;GND
943;C10;0603-B;0;1;45.555;6.985;0.95;1.0;0;ZED_5V
944;C10;0603-B;1;2;47.155;6.985;0.95;1.0;0;GND
945;R110;0402-C;0;1;48.495;16.51;0.52;0.52;0;BETA_5V
946;R110;0402-C;1;2;49.295;16.51;0.52;0.52;0;N$15
947;R111;0402-C;0;1;48.495;18.415;0.52;0.52;0;N$15
948;R111;0402-C;1;2;49.295;18.415;0.52;0.52;0;GND
949;R114;0402-C;0;1;48.495;8.89;0.52;0.52;0;ZED_5V
950;R114;0402-C;1;2;49.295;8.89;0.52;0.52;0;N$19
951;R115;0402-C;0;1;48.495;10.795;0.52;0.52;0;N$19
952;R115;0402-C;1;2;49.295;10.795;0.52;0.52;0;GND
953;U1;UQFN65P400X400X100-17N;0;1;40.345;9.938;0.35;0.8;270;BETA_5V_PG
954;U1;UQFN65P400X400X100-17N;1;2;39.695;9.938;0.35;0.8;270;ZED_5V_PG
955;U1;UQFN65P400X400X100-17N;2;3;39.045;9.938;0.35;0.8;270;!X_MCLR
956;U1;UQFN65P400X400X100-17N;3;4;38.395;9.938;0.35;0.8;270;FAN_PWM
957;U1;UQFN65P400X400X100-17N;4;5;38.395;5.938;0.35;0.8;0;ZED_5V_EN
958;U1;UQFN65P400X400X100-17N;5;6;39.045;5.938;0.35;0.8;0;BTN_A
959;U1;UQFN65P400X400X100-17N;6;7;39.695;5.938;0.35;0.8;0;BTN_S
960;U1;UQFN65P400X400X100-17N;7;8;40.345;5.938;0.35;0.8;0;BETA_5V_EN
961;U1;UQFN65P400X400X100-17N;8;9;40.345;9.938;0.35;0.8;90;VIN_SENSE
962;U1;UQFN65P400X400X100-17N;9;10;39.695;9.938;0.35;0.8;90;SN_SENSE
963;U1;UQFN65P400X400X100-17N;10;11;39.045;9.938;0.35;0.8;90;X_SCL
964;U1;UQFN65P400X400X100-17N;11;12;38.395;9.938;0.35;0.8;90;X_SDA
965;U1;UQFN65P400X400X100-17N;12;13;38.395;5.938;0.35;0.8;180;GND
966;U1;UQFN65P400X400X100-17N;13;14;39.045;5.938;0.35;0.8;180;
967;U1;UQFN65P400X400X100-17N;14;EP;39.37;7.938;2.7;2.7;0;GND
968;U1;UQFN65P400X400X100-17N;15;15;39.695;5.938;0.35;0.8;180;
969;U1;UQFN65P400X400X100-17N;16;16;40.345;5.938;0.35;0.8;180;VSB
970;R126;0402-C;0;1;38.526;12.065;0.52;0.52;0;BTN_S
971;R126;0402-C;1;2;39.325;12.065;0.52;0.52;0;BTN
972;Q1;SOT23;0;1;38.42;21.125;0.8;1.0;0;N$14
973;Q1;SOT23;1;2;40.32;21.125;0.8;1.0;0;GND
974;Q1;SOT23;2;3;39.37;23.325;0.8;1.0;0;FAN
975;S/N;3X2MM;0;1;38.37;26.352;1.0;1.75;0;GND
976;S/N;3X2MM;1;2;40.37;26.352;1.0;1.75;0;SN_SENSE
977;R118;0402-B;0;1;40.19;19.685;0.62;0.62;0;N$14
978;R118;0402-B;1;2;41.09;19.685;0.62;0.62;0;FAN_PWM
979;C94;0402-C;0;1;39.415;12.065;0.52;0.52;0;BTN
980;C94;0402-C;1;2;40.215;12.065;0.52;0.52;0;BTN_A
